"trips.passengerslogid","trips.passengerid","trips.driverid","trips.pickuplatitide","trips.pickuplongitude","trips.droplatitude","trips.droplongitude","trips.actualpickuptime","trips.pickupdate","trips.pickuphour","trips.droptime","trips.dropdate","trips.drophour"
"1674","656","124","6.8881935403","79.8558704183","6.8881452000","79.8557917000","2015-06-03 12:07:33","2015-06-03","12","2015-06-03 12:08:00","2015-06-03","12"
"1680","35","22","6.9199223207","79.8474620283","6.8881295000","79.8558546000","2015-06-03 12:48:58","2015-06-03","12","2015-06-03 13:05:58","2015-06-03","13"
"1688","666","22","6.8882281573","79.8557671532","6.8880472000","79.8558370000","2015-06-03 17:23:23","2015-06-03","17","2015-06-03 18:00:11","2015-06-03","18"
"1715","35","152","6.8880743778","79.8560769483","6.8587983000","79.8693249000","2015-06-04 19:35:49","2015-06-04","19","2015-06-04 20:00:54","2015-06-04","20"
"1722","586","22","6.8879420000","79.8553810000","6.8880664000","79.8557478000","2015-06-05 11:43:10","2015-06-05","11","2015-06-05 11:51:02","2015-06-05","11"
"1724","35","126","6.8882321516","79.8557919636","6.8882337000","79.8557872000","2015-06-05 11:46:31","2015-06-05","11","2015-06-05 11:46:45","2015-06-05","11"
"1725","35","126","6.8882251616","79.8557839170","6.8881167000","79.8560324000","2015-06-05 11:51:54","2015-06-05","11","2015-06-05 11:52:01","2015-06-05","11"
"1726","586","22","6.8880750000","79.8557270000","6.8881038000","79.8557467000","2015-06-05 11:53:14","2015-06-05","11","2015-06-05 11:53:39","2015-06-05","11"
"1737","586","17","6.8880120000","79.8554260000","6.8881607000","79.8558971000","2015-06-05 16:00:42","2015-06-05","16","2015-06-05 16:10:33","2015-06-05","16"
"1741","683","31","6.9116213725","79.8649641126","6.9123870000","79.8734118000","2015-06-05 17:28:43","2015-06-05","17","2015-06-05 17:42:14","2015-06-05","17"
"1751","592","175","6.8681378692","79.8698648438","6.8679400000","79.8698116000","2015-06-06 11:19:50","2015-06-06","11","2015-06-06 11:25:30","2015-06-06","11"
"1753","592","175","6.8682490478","79.8691168427","6.8880566000","79.8558066000","2015-06-06 11:27:47","2015-06-06","11","2015-06-06 11:37:33","2015-06-06","11"
"1761","35","244","6.8905628043","79.8657489941","6.8881686000","79.8557499000","2015-06-06 12:42:16","2015-06-06","12","2015-06-06 12:42:19","2015-06-06","12"
"1763","592","100","6.8881682432","79.8557460308","6.8680509000","79.8698763000","2015-06-06 16:54:17","2015-06-06","16","2015-06-06 17:15:46","2015-06-06","17"
"1766","702","180","11.0214103777","76.9165941328","11.0213942000","76.9165905000","2015-06-06 16:53:44","2015-06-06","16","2015-06-06 16:53:50","2015-06-06","16"
"1771","702","180","11.0213962267","76.9166108966","11.0213681000","76.9166415000","2015-06-06 17:22:59","2015-06-06","17","2015-06-06 17:23:05","2015-06-06","17"
"1772","702","180","11.0214024795","76.9166420773","11.0160769000","76.9210355000","2015-06-06 17:35:29","2015-06-06","17","2015-06-06 17:41:33","2015-06-06","17"
"1773","702","180","11.0165246339","76.9205269217","11.0172366000","76.9193405000","2015-06-06 17:51:46","2015-06-06","17","2015-06-06 17:54:14","2015-06-06","17"
"1774","702","180","11.0175886048","76.9191841409","11.0215917000","76.9163794000","2015-06-06 17:54:56","2015-06-06","17","2015-06-06 18:04:24","2015-06-06","18"
"1775","703","180","11.0214001758","76.9166048616","11.0214879000","76.9166277000","2015-06-06 18:30:33","2015-06-06","18","2015-06-06 18:30:43","2015-06-06","18"
"1776","703","180","11.0216134275","76.9166226313","11.0213944000","76.9166093000","2015-06-06 18:32:32","2015-06-06","18","2015-06-06 18:32:42","2015-06-06","18"
"1777","703","179","11.0213863540","76.9166518003","11.0214074000","76.9166203000","2015-06-06 18:54:06","2015-06-06","18","2015-06-06 18:54:33","2015-06-06","18"
"1778","703","181","11.0213982013","76.9166521356","11.0213901000","76.9166025000","2015-06-06 18:59:23","2015-06-06","18","2015-06-06 18:59:37","2015-06-06","18"
"1779","703","179","11.0213962267","76.9165860862","11.0214009000","76.9166163000","2015-06-06 19:01:28","2015-06-06","19","2015-06-06 19:01:41","2015-06-06","19"
"1780","703","181","11.0213922776","76.9166018441","11.0214024000","76.9166231000","2015-06-06 19:13:36","2015-06-06","19","2015-06-06 19:13:43","2015-06-06","19"
"1784","703","181","11.0214074159","76.9166018441","11.0215988000","76.9164406000","2015-06-06 19:26:44","2015-06-06","19","2015-06-06 19:27:06","2015-06-06","19"
"1785","703","179","11.0213860249","76.9166149199","11.0215527000","76.9164222000","2015-06-06 19:40:32","2015-06-06","19","2015-06-06 19:40:44","2015-06-06","19"
"1792","590","33","6.7572380000","79.8995570000","6.7504933000","79.9037409000","2015-06-07 16:15:02","2015-06-07","16","2015-06-07 16:15:09","2015-06-07","16"
"1794","605","33","6.7507294707","79.9040251225","6.7503545000","79.9038553000","2015-06-07 16:17:51","2015-06-07","16","2015-06-07 16:18:09","2015-06-07","16"
"1795","590","33","6.7557959694","79.8988880217","6.7504071000","79.9038085000","2015-06-07 16:19:19","2015-06-07","16","2015-06-07 16:19:41","2015-06-07","16"
"1796","592","138","6.8680493257","79.8698631674","6.8600782000","79.9063411000","2015-06-07 16:36:04","2015-06-07","16","2015-06-07 16:36:09","2015-06-07","16"
"1798","35","33","6.7524248575","79.8904511333","6.7505898000","79.9037229000","2015-06-07 16:40:01","2015-06-07","16","2015-06-07 16:40:20","2015-06-07","16"
"1799","605","33","6.7504298142","79.9037290737","6.7441604000","79.9063313000","2015-06-07 16:48:11","2015-06-07","16","2015-06-07 16:57:25","2015-06-07","16"
"1800","590","225","6.9108650000","79.8669900000","6.8999150000","79.9213566000","2015-06-07 17:13:52","2015-06-07","17","2015-06-07 17:32:19","2015-06-07","17"
"1802","590","241","6.9247910000","79.8695990000","6.8882167000","79.8557762000","2015-06-07 18:10:10","2015-06-07","18","2015-06-08 09:03:49","2015-06-08","9"
"1811","361","187","6.8882354802","79.8560400680","6.8882665000","79.8558830000","2015-06-08 09:39:44","2015-06-08","9","2015-06-08 10:20:13","2015-06-08","10"
"1812","684","152","6.9090720000","79.8703330000","6.9322816000","79.8438650000","2015-06-08 10:01:25","2015-06-08","10","2015-06-08 10:13:54","2015-06-08","10"
"1815","586","186","6.8883360027","79.8561691493","6.8880900000","79.8561583000","2015-06-08 09:49:15","2015-06-08","9","2015-06-08 09:49:32","2015-06-08","9"
"1817","650","189","6.8882963928","79.8559351265","6.8882739000","79.8559063000","2015-06-08 10:06:42","2015-06-08","10","2015-06-08 10:08:54","2015-06-08","10"
"1819","605","185","6.8883050471","79.8559019342","6.8882723000","79.8558955000","2015-06-08 10:12:31","2015-06-08","10","2015-06-08 10:12:38","2015-06-08","10"
"1823","586","186","6.8903764058","79.8544931039","6.8880900000","79.8561583000","2015-06-08 10:30:25","2015-06-08","10","2015-06-08 10:31:35","2015-06-08","10"
"1828","650","187","6.8883203585","79.8559351265","6.8880033000","79.8557633000","2015-06-08 10:46:25","2015-06-08","10","2015-06-08 11:05:33","2015-06-08","11"
"1831","361","62","6.8881902117","79.8560430855","6.8881314000","79.8571688000","2015-06-08 10:47:03","2015-06-08","10","2015-06-08 11:03:50","2015-06-08","11"
"1833","586","186","6.8881352905","79.8559887707","6.8880500000","79.8558483000","2015-06-08 10:46:17","2015-06-08","10","2015-06-08 10:56:45","2015-06-08","10"
"1834","656","241","6.8882720943","79.8557735234","6.8882553000","79.8557874000","2015-06-08 11:00:01","2015-06-08","11","2015-06-08 11:00:28","2015-06-08","11"
"1836","656","241","6.8882474630","79.8557758704","6.8882619000","79.8557873000","2015-06-08 11:11:06","2015-06-08","11","2015-06-08 11:12:09","2015-06-08","11"
"1839","586","62","6.8879891666","79.8557349667","6.8881748000","79.8558075000","2015-06-08 11:28:13","2015-06-08","11","2015-06-08 11:28:26","2015-06-08","11"
"1840","650","189","6.8882684329","79.8557969928","6.8882649000","79.8558879000","2015-06-08 11:30:39","2015-06-08","11","2015-06-08 11:32:58","2015-06-08","11"
"1845","650","187","6.8912704524","79.8559508845","6.8882585000","79.8559044000","2015-06-08 12:01:51","2015-06-08","12","2015-06-08 12:02:06","2015-06-08","12"
"1846","35","152","6.8587984388","79.8694470897","6.8880683000","79.8558116000","2015-06-08 12:08:17","2015-06-08","12","2015-06-08 12:41:38","2015-06-08","12"
"1850","586","185","6.8882967257","79.8558261618","6.8882789000","79.8558976000","2015-06-08 13:02:34","2015-06-08","13","2015-06-08 13:02:36","2015-06-08","13"
"1851","586","189","6.8882967257","79.8558261618","6.8880216000","79.8558783000","2015-06-08 12:21:23","2015-06-08","12","2015-06-08 12:22:09","2015-06-08","12"
"1857","712","185","6.9526567206","80.2113040164","6.9547410000","80.2071170000","2015-06-08 13:14:35","2015-06-08","13","2015-06-08 13:14:53","2015-06-08","13"
"1863","650","189","6.8882884043","79.8558409140","6.8883044000","79.8559223000","2015-06-08 14:14:42","2015-06-08","14","2015-06-08 14:14:58","2015-06-08","14"
"1864","650","189","6.8872202680","79.8556119204","6.8882739000","79.8558889000","2015-06-08 14:27:52","2015-06-08","14","2015-06-08 14:28:14","2015-06-08","14"
"1882","586","185","6.8906563364","79.8552122712","6.8882708000","79.8558889000","2015-06-08 16:37:12","2015-06-08","16","2015-06-08 16:37:15","2015-06-08","16"
"1883","586","186","6.7983561876","79.8728216439","6.7982720000","79.8726030000","2015-06-08 16:40:35","2015-06-08","16","2015-06-08 16:40:43","2015-06-08","16"
"1884","586","186","6.7984224385","79.8726690933","6.7982720000","79.8726030000","2015-06-08 16:41:57","2015-06-08","16","2015-06-08 16:42:00","2015-06-08","16"
"1885","586","186","6.8881113248","79.8559924588","6.8881916000","79.8550233000","2015-06-08 17:05:50","2015-06-08","17","2015-06-08 17:06:01","2015-06-08","17"
"1890","655","187","6.8882341487","79.8558040336","6.8881186000","79.8557631000","2015-06-08 17:49:45","2015-06-08","17","2015-06-08 17:50:42","2015-06-08","17"
"1907","35","185","6.8883443241","79.8559109867","6.8880549000","79.8557248000","2015-06-08 19:38:19","2015-06-08","19","2015-06-08 19:38:27","2015-06-08","19"
"1912","35","164","6.8587964415","79.8694460839","6.8881239000","79.8558470000","2015-06-09 09:16:42","2015-06-09","9","2015-06-09 09:16:53","2015-06-09","9"
"1923","684","164","6.9107490000","79.8671570000","6.9016105000","79.8692690000","2015-06-09 10:16:13","2015-06-09","10","2015-06-09 11:11:46","2015-06-09","11"
"1926","151","241","6.8882061888","79.8557691649","6.8881974000","79.8557726000","2015-06-09 10:21:05","2015-06-09","10","2015-06-09 10:30:16","2015-06-09","10"
"1929","151","241","6.8882041917","79.8557410017","6.8880269000","79.8557785000","2015-06-09 10:38:56","2015-06-09","10","2015-06-09 11:41:24","2015-06-09","11"
"1931","373","55","11.0214255159","76.9166279957","11.0214323000","76.9165684000","2015-06-09 10:43:26","2015-06-09","10","2015-06-09 10:43:31","2015-06-09","10"
"1937","712","185","6.9559997920","80.2081611380","6.9547410000","80.2071170000","2015-06-09 11:13:38","2015-06-09","11","2015-06-09 11:15:37","2015-06-09","11"
"1946","670","22","6.8880204551","79.8557550833","6.8880810000","79.8553918000","2015-06-09 14:41:53","2015-06-09","14","2015-06-09 14:53:48","2015-06-09","14"
"1947","728","185","6.9566780000","80.2089260000","6.9547410000","80.2071170000","2015-06-09 15:10:35","2015-06-09","15","2015-06-09 15:11:51","2015-06-09","15"
"1948","730","22","6.9098546563","79.8527278751","6.9081969000","79.8555350000","2015-06-09 15:46:10","2015-06-09","15","2015-06-09 15:46:16","2015-06-09","15"
"1950","728","185","6.9358050000","79.9844290000","6.8880383000","79.8558400000","2015-06-09 16:07:07","2015-06-09","16","2015-06-09 16:20:54","2015-06-09","16"
"1951","586","22","6.8881160000","79.8558440000","6.8882884000","79.8559988000","2015-06-09 16:06:57","2015-06-09","16","2015-06-09 16:20:54","2015-06-09","16"
"1952","666","16","6.8881719046","79.8557379842","6.8680497000","79.9144765000","2015-06-09 16:10:01","2015-06-09","16","2015-06-09 16:10:06","2015-06-09","16"
"1954","731","241","6.8882274916","79.8557738587","6.8880269000","79.8557785000","2015-06-09 16:34:44","2015-06-09","16","2015-06-09 16:35:44","2015-06-09","16"
"1958","684","204","6.9327470000","79.8429420000","7.1023354000","79.9125157000","2015-06-09 17:47:45","2015-06-09","17","2015-06-09 17:47:52","2015-06-09","17"
"1966","731","22","6.9153042290","79.8528210819","6.9356046000","79.8949268000","2015-06-09 19:06:34","2015-06-09","19","2015-06-09 20:55:09","2015-06-09","20"
"1975","592","15","6.8680709623","79.8699121177","6.8883623000","79.8561909000","2015-06-10 08:55:16","2015-06-10","8","2015-06-10 09:07:30","2015-06-10","9"
"1978","35","216","6.8588653470","79.8693931103","6.8880966000","79.8557783000","2015-06-10 09:39:11","2015-06-10","9","2015-06-10 10:43:36","2015-06-10","10"
"1980","684","175","6.9107480000","79.8670390000","6.9323766000","79.8438933000","2015-06-10 10:53:05","2015-06-10","10","2015-06-10 10:53:24","2015-06-10","10"
"1983","592","22","6.8882141774","79.8557738587","6.9380019000","79.8506966000","2015-06-10 10:58:06","2015-06-10","10","2015-06-10 13:54:29","2015-06-10","13"
"1985","361","63","6.8882294887","79.8560400680","6.9063504000","79.8495938000","2015-06-10 11:17:04","2015-06-10","11","2015-06-10 11:25:20","2015-06-10","11"
"1987","361","63","6.9063331864","79.8495930433","6.8881165000","79.8558329000","2015-06-10 11:33:58","2015-06-10","11","2015-06-10 11:45:27","2015-06-10","11"
"1994","590","225","6.8929440000","79.8641910000","6.8881083000","79.8558966000","2015-06-10 12:39:47","2015-06-10","12","2015-06-10 13:15:02","2015-06-10","13"
"1995","590","22","6.8907580000","79.8561600000","6.9087449000","79.8505502000","2015-06-10 14:40:00","2015-06-10","14","2015-06-10 14:48:05","2015-06-10","14"
"1999","654","217","6.8881815575","79.8557849228","6.8315103000","79.8719719000","2015-06-10 18:29:17","2015-06-10","18","2015-06-10 19:10:48","2015-06-10","19"
"2003","592","217","6.8882141774","79.8557909578","6.9534721000","79.8614142000","2015-06-10 19:49:48","2015-06-10","19","2015-06-10 20:52:30","2015-06-10","20"
"2004","361","217","6.9531293116","79.8611493409","6.8888603000","79.8591874000","2015-06-11 07:44:53","2015-06-11","7","2015-06-11 08:18:04","2015-06-11","8"
"2009","684","157","6.9105150000","79.8666580000","6.9116421000","79.8654709000","2015-06-11 09:33:08","2015-06-11","9","2015-06-11 10:37:14","2015-06-11","10"
"2018","727","217","6.8882011960","79.8557101563","6.8881709000","79.8558879000","2015-06-11 09:57:54","2015-06-11","9","2015-06-11 12:03:02","2015-06-11","12"
"2023","151","225","6.8903774043","79.8544931039","6.9171316000","79.8555966000","2015-06-11 10:37:35","2015-06-11","10","2015-06-12 23:04:55","2015-06-12","23"
"2039","35","217","6.8881808918","79.8557708412","6.8611920000","79.8647133000","2015-06-11 12:55:27","2015-06-11","12","2015-06-11 13:51:43","2015-06-11","13"
"2044","737","65","6.8681272173","79.8698990420","6.8625536000","79.8822718000","2015-06-11 13:49:16","2015-06-11","13","2015-06-11 13:49:23","2015-06-11","13"
"2049","610","217","6.8891225408","79.8550278693","6.8701096000","79.9077370000","2015-06-11 14:54:09","2015-06-11","14","2015-06-11 15:23:44","2015-06-11","15"
"2051","35","216","6.8588240703","79.8694259673","6.8882225000","79.8557922000","2015-06-11 15:25:55","2015-06-11","15","2015-06-11 15:25:59","2015-06-11","15"
"2062","361","62","6.8880763749","79.8557798937","","","2015-06-11 15:11:49","2015-06-11","15","2015-06-11 15:18:12","2015-06-11","15"
"2069","361","253","6.8880793706","79.8557798937","","","2015-06-11 15:24:13","2015-06-11","15","2015-06-11 15:51:09","2015-06-11","15"
"2070","650","189","6.8797612210","79.8563870788","","","2015-06-11 15:24:04","2015-06-11","15","2015-06-11 15:35:15","2015-06-11","15"
"2077","666","175","6.9367750597","79.8516308516","6.9118250000","79.8499783000","2015-06-11 16:15:16","2015-06-11","16","2015-06-11 16:15:20","2015-06-11","16"
"2108","361","61","6.8954404286","79.8526450619","","","2015-06-11 19:52:22","2015-06-11","19","2015-06-11 19:56:17","2015-06-11","19"
"2112","610","241","6.9329402700","79.8646851629","","","2015-06-11 23:38:55","2015-06-11","23","2015-06-12 19:34:43","2015-06-12","19"
"2120","35","17","6.8881722375","79.8557420075","6.8935368000","79.8532631000","2015-06-12 10:12:14","2015-06-12","10","2015-06-12 10:12:18","2015-06-12","10"
"2121","35","124","6.8587921141","79.8694470897","6.8996283000","79.8560139000","2015-06-12 10:15:38","2015-06-12","10","2015-06-12 11:10:28","2015-06-12","11"
"2133","35","16","6.8881689089","79.8557570949","6.8586976000","79.8693777000","2015-06-12 12:49:20","2015-06-12","12","2015-06-12 13:15:10","2015-06-12","13"
"2142","592","14","6.8881772303","79.8557591066","6.8931082000","79.8763973000","2015-06-12 14:23:49","2015-06-12","14","2015-06-12 14:54:04","2015-06-12","14"
"2147","747","14","6.8951794733","79.8549031466","6.8922474000","79.8559384000","2015-06-12 15:53:50","2015-06-12","15","2015-06-12 16:16:56","2015-06-12","16"
"2170","731","217","6.8882374773","79.8557798937","6.8314901000","79.8718659000","2015-06-12 19:41:19","2015-06-12","19","2015-06-12 20:12:27","2015-06-12","20"
"2179","666","217","6.8882840771","79.8560098931","7.0299293000","79.9065501000","2015-06-13 03:38:42","2015-06-13","3","2015-06-13 04:18:58","2015-06-13","4"
"2180","592","164","6.8680503243","79.8698869720","6.8831229000","79.8671855000","2015-06-13 07:21:52","2015-06-13","7","2015-06-13 07:30:05","2015-06-13","7"
"2192","590","270","6.8884750000","79.8562300000","","","2015-06-13 14:24:58","2015-06-13","14","2015-06-13 14:25:38","2015-06-13","14"
"2193","590","268","6.8881600000","79.8557380000","","","2015-06-13 14:32:11","2015-06-13","14","2015-06-13 14:32:46","2015-06-13","14"
"2204","654","274","6.8882877386","79.8559099808","","","2015-06-13 16:24:46","2015-06-13","16","2015-06-13 17:07:08","2015-06-13","17"
"2212","35","270","6.8587931127","79.8694460839","","","2015-06-13 17:23:53","2015-06-13","17","2015-06-13 17:42:10","2015-06-13","17"
"2217","590","293","6.9088900000","79.8692470000","","","2015-06-14 09:49:41","2015-06-14","9","2015-06-14 09:59:01","2015-06-14","9"
"2224","729","299","6.8881043348","79.8557879403","","","2015-06-14 12:20:07","2015-06-14","12","2015-06-14 12:20:52","2015-06-14","12"
"2225","590","125","6.8880790000","79.8555610000","","","2015-06-14 12:27:06","2015-06-14","12","2015-06-14 12:49:17","2015-06-14","12"
"2226","729","299","6.8881096605","79.8557879403","","","2015-06-14 12:25:22","2015-06-14","12","2015-06-14 12:25:56","2015-06-14","12"
"2227","795","299","6.8870255467","79.8571793362","","","2015-06-14 12:52:49","2015-06-14","12","2015-06-14 12:52:56","2015-06-14","12"
"2229","590","310","6.9108950000","79.8669430000","","","2015-06-14 13:48:37","2015-06-14","13","2015-06-14 13:58:02","2015-06-14","13"
"2231","590","310","6.8881250000","79.8558680000","","","2015-06-14 14:01:03","2015-06-14","14","2015-06-14 14:04:22","2015-06-14","14"
"2232","35","289","6.8846808965","79.8734439164","","","2015-06-14 14:56:32","2015-06-14","14","2015-06-14 15:22:36","2015-06-14","15"
"2236","610","121","6.8881991988","79.8557691649","","","2015-06-14 15:32:32","2015-06-14","15","2015-06-14 17:12:17","2015-06-14","17"
"2238","35","265","6.8587931127","79.8694460839","","","2015-06-14 16:55:45","2015-06-14","16","2015-06-14 17:31:41","2015-06-14","17"
"2241","801","301","6.8589525607","79.8963908851","","","2015-06-14 19:54:56","2015-06-14","19","2015-06-14 19:55:48","2015-06-14","19"
"2243","592","300","6.8680712951","79.8698960245","","","2015-06-15 11:06:31","2015-06-15","11","2015-06-15 11:06:45","2015-06-15","11"
"2250","590","283","6.9106040000","79.8669840000","","","2015-06-15 09:17:14","2015-06-15","9","2015-06-15 09:31:08","2015-06-15","9"
"2251","610","216","6.8882294887","79.8557959870","6.9383625000","79.8574430000","2015-06-15 10:51:12","2015-06-15","10","2015-06-15 11:18:39","2015-06-15","11"
"2252","684","265","6.9107020000","79.8669630000","","","2015-06-15 10:54:14","2015-06-15","10","2015-07-03 14:50:14","2015-07-03","14"
"2260","35","298","6.8588653470","79.8695188388","","","2015-06-15 11:58:46","2015-06-15","11","2015-06-15 12:12:08","2015-06-15","12"
"2261","590","217","6.9285160000","79.8497350000","6.8880857000","79.8558045000","2015-06-15 12:03:12","2015-06-15","12","2015-06-15 12:47:47","2015-06-15","12"
"2265","763","277","6.8882360000","79.8558750000","","","2015-06-15 15:20:22","2015-06-15","15","2015-06-15 15:49:02","2015-06-15","15"
"2266","806","301","6.9048929709","79.8507718742","","","2015-06-15 15:23:44","2015-06-15","15","2015-06-15 15:23:52","2015-06-15","15"
"2267","727","301","6.8885197392","79.8557034507","","","2015-06-15 15:29:13","2015-06-15","15","2015-06-15 16:47:56","2015-06-15","16"
"2279","361","278","6.8971173291","79.8542040959","","","2015-06-15 18:31:52","2015-06-15","18","2015-06-15 18:32:13","2015-06-15","18"
"2285","655","318","6.8880690521","79.8571917415","","","2015-06-15 19:00:29","2015-06-15","19","2015-06-15 19:01:34","2015-06-15","19"
"2286","361","278","6.8973852732","79.8541118950","","","2015-06-15 18:33:09","2015-06-15","18","2015-06-15 19:02:11","2015-06-15","19"
"2292","727","217","6.8880284436","79.8557909578","7.0399797000","79.8980201000","2015-06-15 19:28:11","2015-06-15","19","2015-06-15 21:17:45","2015-06-15","21"
"2302","590","309","6.8906570000","79.8565430000","","","2015-06-15 21:10:31","2015-06-15","21","2015-06-15 21:34:48","2015-06-15","21"
"2305","605","289","6.8886850000","79.8569760000","","","2015-06-15 21:38:41","2015-06-15","21","2015-06-15 22:34:11","2015-06-15","22"
"2308","809","278","6.8055468463","79.9212241173","","","2015-06-16 02:44:11","2015-06-16","2","2015-06-16 02:44:32","2015-06-16","2"
"2309","809","278","6.7797879508","80.0017001107","","","2015-06-16 06:11:16","2015-06-16","6","2015-06-16 06:17:15","2015-06-16","6"
"2310","809","278","6.7834601725","80.0032510981","","","2015-06-16 06:30:37","2015-06-16","6","2015-06-16 06:31:30","2015-06-16","6"
"2312","592","293","6.8680420025","79.8698658496","","","2015-06-16 08:53:09","2015-06-16","8","2015-06-16 09:03:41","2015-06-16","9"
"2315","590","294","6.9105750000","79.8669740000","","","2015-06-16 09:46:55","2015-06-16","9","2015-06-16 09:56:36","2015-06-16","9"
"2316","35","164","6.8587991045","79.8694460839","","","2015-06-16 09:23:23","2015-06-16","9","2015-06-16 09:55:43","2015-06-16","9"
"2319","805","258","6.9455460000","79.8679970000","6.9416151000","79.8783040000","2015-06-16 09:21:23","2015-06-16","9","2015-06-16 09:23:36","2015-06-16","9"
"2331","805","318","6.9348740000","79.8528430000","","","2015-06-16 09:57:35","2015-06-16","9","2015-06-16 10:15:52","2015-06-16","10"
"2332","809","278","6.7768541485","80.0124668330","","","2015-06-16 09:53:32","2015-06-16","9","2015-06-16 09:55:32","2015-06-16","9"
"2335","805","318","6.8907850000","79.8553720000","","","2015-06-16 10:36:06","2015-06-16","10","2015-06-16 10:51:23","2015-06-16","10"
"2339","807","323","6.8881858846","79.8557718471","","","2015-06-16 11:49:40","2015-06-16","11","2015-06-16 11:51:45","2015-06-16","11"
"2340","807","323","6.8881988660","79.8557798937","","","2015-06-16 11:58:06","2015-06-16","11","2015-06-16 11:58:22","2015-06-16","11"
"2341","807","323","6.8881988660","79.8557798937","","","2015-06-16 12:00:29","2015-06-16","12","2015-06-16 12:02:31","2015-06-16","12"
"2344","727","35","6.9131391189","79.8498300835","6.8882860000","79.8559317000","2015-06-16 12:08:39","2015-06-16","12","2015-06-16 12:44:47","2015-06-16","12"
"2345","729","324","6.8882681001","79.8559569195","","","2015-06-16 12:52:19","2015-06-16","12","2015-06-16 12:53:25","2015-06-16","12"
"2346","729","324","6.8882681001","79.8559569195","","","2015-06-16 12:57:45","2015-06-16","12","2015-06-16 17:27:35","2015-06-16","17"
"2351","35","313","6.8882431358","79.8558791354","","","2015-06-16 13:33:39","2015-06-16","13","2015-06-16 13:38:57","2015-06-16","13"
"2353","807","326","6.8882291559","79.8558650538","","","2015-06-16 14:03:13","2015-06-16","14","2015-06-16 14:03:39","2015-06-16","14"
"2355","807","326","6.8889311489","79.8556390777","","","2015-06-16 14:10:17","2015-06-16","14","2015-06-16 14:10:47","2015-06-16","14"
"2356","807","327","6.8882647715","79.8558613658","","","2015-06-16 14:37:08","2015-06-16","14","2015-06-16 14:38:15","2015-06-16","14"
"2359","807","327","6.8882291559","79.8558650538","","","2015-06-16 14:48:03","2015-06-16","14","2015-06-16 14:48:10","2015-06-16","14"
"2360","35","294","6.9043291322","79.8522340134","","","2015-06-16 14:58:43","2015-06-16","14","2015-06-16 15:07:00","2015-06-16","15"
"2361","590","326","6.8880520000","79.8559120000","","","2015-06-16 14:54:41","2015-06-16","14","2015-06-16 15:38:46","2015-06-16","15"
"2364","807","327","6.8882291559","79.8558650538","","","2015-06-16 14:53:39","2015-06-16","14","2015-06-16 14:54:07","2015-06-16","14"
"2377","805","217","6.8903880000","79.8595180000","7.1199083000","79.9102075000","2015-06-16 19:45:11","2015-06-16","19","2015-06-16 21:41:50","2015-06-16","21"
"2379","590","309","6.8885280000","79.8558360000","","","2015-06-16 20:09:28","2015-06-16","20","2015-06-16 20:27:06","2015-06-16","20"
"2381","592","125","6.8882061888","79.8557611182","","","2015-06-16 20:40:59","2015-06-16","20","2015-06-16 20:54:50","2015-06-16","20"
"2383","35","324","6.8884734722","79.8559180275","","","2015-06-16 20:57:57","2015-06-16","20","2015-06-16 21:55:36","2015-06-16","21"
"2386","731","86","6.9337074301","79.8647951335","7.1732010000","79.8871421000","2015-06-17 03:24:42","2015-06-17","3","2015-06-17 03:49:30","2015-06-17","3"
"2390","590","307","6.9088900000","79.8692470000","","","2015-06-17 08:30:02","2015-06-17","8","2015-06-17 08:46:44","2015-06-17","8"
"2391","592","309","6.8680503243","79.8698869720","","","2015-06-17 08:46:44","2015-06-17","8","2015-06-17 08:49:06","2015-06-17","8"
"2396","590","307","6.8924590000","79.8558090000","","","2015-06-17 08:50:29","2015-06-17","8","2015-06-17 08:50:56","2015-06-17","8"
"2400","684","293","6.9104450000","79.8668690000","","","2015-06-17 09:56:13","2015-06-17","9","2015-06-17 10:07:49","2015-06-17","10"
"2408","592","216","6.8884032396","79.8569379374","6.8925191000","79.8756179000","2015-06-17 10:21:06","2015-06-17","10","2015-06-17 10:30:58","2015-06-17","10"
"2412","666","283","6.8929690031","79.8700911552","","","2015-06-17 11:00:41","2015-06-17","11","2015-06-17 11:11:20","2015-06-17","11"
"2416","889","196","7.0892864563","79.8979006335","7.1019351000","79.9098687000","2015-06-17 11:19:47","2015-06-17","11","2015-06-17 11:20:57","2015-06-17","11"
"2419","592","283","6.8928411876","79.8761080205","","","2015-06-17 12:10:54","2015-06-17","12","2015-06-17 12:21:43","2015-06-17","12"
"2420","894","162","6.8838667237","79.8691560701","6.8879800000","79.8663837000","2015-06-17 12:05:18","2015-06-17","12","2015-06-17 12:53:39","2015-06-17","12"
"2421","727","326","6.8882211673","79.8557671532","","","2015-06-17 12:08:23","2015-06-17","12","2015-06-17 13:14:11","2015-06-17","13"
"2474","35","329","6.8882800829","79.8559230566","","","2015-06-17 14:18:44","2015-06-17","14","2015-06-17 14:27:23","2015-06-17","14"
"2477","889","196","7.1019569893","79.9100051075","7.1057972000","79.9078201000","2015-06-17 14:17:42","2015-06-17","14","2015-06-17 14:17:46","2015-06-17","14"
"2478","727","325","6.8863391952","79.8582341149","","","2015-06-17 14:51:18","2015-06-17","14","2015-06-17 15:39:16","2015-06-17","15"
"2479","592","17","6.8881812246","79.8557651415","6.8882604000","79.8558536000","2015-06-17 15:09:12","2015-06-17","15","2015-06-17 15:57:00","2015-06-17","15"
"2480","35","318","6.8847334882","79.8673851416","","","2015-06-17 15:14:35","2015-06-17","15","2015-06-17 15:14:42","2015-06-17","15"
"2488","728","185","7.8929832529","80.6688711047","7.8914530000","80.6707969000","2015-06-17 15:50:12","2015-06-17","15","2015-06-17 15:50:20","2015-06-17","15"
"2491","728","185","7.8912380647","80.6596151367","7.8914530000","80.6707969000","2015-06-17 15:56:52","2015-06-17","15","2015-06-17 15:57:33","2015-06-17","15"
"2495","728","185","7.8965898412","80.6647394970","7.8914530000","80.6707969000","2015-06-17 16:02:52","2015-06-17","16","2015-06-17 16:03:43","2015-06-17","16"
"2500","35","324","6.8588087579","79.8694470897","","","2015-06-17 16:20:56","2015-06-17","16","2015-06-17 16:32:22","2015-06-17","16"
"2501","728","185","7.9023789141","80.6590947881","7.8914530000","80.6707969000","2015-06-17 16:15:05","2015-06-17","16","2015-06-17 16:15:32","2015-06-17","16"
"2509","684","293","6.9326590000","79.8434510000","","","2015-06-17 16:55:52","2015-06-17","16","2015-06-17 17:17:44","2015-06-17","17"
"2516","590","216","6.8906570000","79.8565430000","6.9107312000","79.8670572000","2015-06-17 19:17:35","2015-06-17","19","2015-06-17 19:31:12","2015-06-17","19"
"2518","914","217","6.8563031884","79.8624411598","","","2015-06-17 20:20:28","2015-06-17","20","2015-06-17 20:24:52","2015-06-17","20"
"2519","35","317","6.8880214536","79.8553430289","","","2015-06-17 19:29:57","2015-06-17","19","2015-06-18 20:46:24","2015-06-18","20"
"2524","592","157","6.8882494601","79.8558020219","6.8680716000","79.8698397000","2015-06-17 19:41:03","2015-06-17","19","2015-06-17 20:48:57","2015-06-17","20"
"2525","590","216","6.9107740000","79.8670440000","6.9107305000","79.8670693000","2015-06-17 19:33:19","2015-06-17","19","2015-06-17 19:33:26","2015-06-17","19"
"2534","889","196","6.9461801802","79.9512477592","6.9461841000","79.9512463000","2015-06-18 06:14:47","2015-06-18","6","2015-06-18 06:14:51","2015-06-18","6"
"2538","592","309","6.8680776197","79.8699111119","","","2015-06-18 08:22:24","2015-06-18","8","2015-06-18 08:35:23","2015-06-18","8"
"2543","590","177","6.9105750000","79.8670020000","6.8881050000","79.8557699000","2015-06-18 09:01:22","2015-06-18","9","2015-06-18 09:12:26","2015-06-18","9"
"2544","35","216","6.8587931127","79.8694460839","6.8880862000","79.8557769000","2015-06-18 09:43:43","2015-06-18","9","2015-06-18 09:54:37","2015-06-18","9"
"2546","684","177","6.9105730000","79.8666760000","","","2015-06-18 10:43:39","2015-06-18","10","2015-06-18 10:56:25","2015-06-18","10"
"2549","590","311","6.8880960000","79.8555540000","","","2015-06-18 11:35:38","2015-06-18","11","2015-06-18 11:36:03","2015-06-18","11"
"2552","737","16","6.9059054825","79.8649681360","","","2015-06-18 11:59:11","2015-06-18","11","2015-06-18 11:59:25","2015-06-18","11"
"2558","807","334","6.8882038588","79.8558020219","","","2015-06-18 12:44:02","2015-06-18","12","2015-06-18 12:44:46","2015-06-18","12"
"2563","929","216","6.9201865907","79.8659461364","6.9264724000","79.8650606000","2015-06-18 13:51:27","2015-06-18","13","2015-06-18 14:08:12","2015-06-18","14"
"2566","729","340","6.8881705732","79.8557369784","","","2015-06-18 14:10:11","2015-06-18","14","2015-06-18 14:10:50","2015-06-18","14"
"2567","729","344","6.8882258273","79.8557990044","","","2015-06-18 14:55:45","2015-06-18","14","2015-06-18 14:56:15","2015-06-18","14"
"2569","912","164","6.8481349468","79.8971449211","","","2015-06-18 15:31:58","2015-06-18","15","2015-06-18 18:12:24","2015-06-18","18"
"2577","729","347","6.8882308202","79.8558080569","","","2015-06-18 16:49:43","2015-06-18","16","2015-06-18 16:51:58","2015-06-18","16"
"2578","969","161","6.9251268143","79.8541470990","","","2015-06-18 17:21:19","2015-06-18","17","2015-06-18 17:21:32","2015-06-18","17"
"2582","833","217","6.8881186477","79.8558908701","","","2015-06-18 18:52:50","2015-06-18","18","2015-06-18 19:45:37","2015-06-18","19"
"2587","684","293","6.9326970000","79.8435140000","","","2015-06-18 19:52:47","2015-06-18","19","2015-06-18 20:04:11","2015-06-18","20"
"2594","994","336","6.9094356094","79.8655719683","","","2015-06-18 20:59:38","2015-06-18","20","2015-06-18 20:59:48","2015-06-18","20"
"2599","590","339","6.8891870000","79.8562540000","","","2015-06-18 20:54:49","2015-06-18","20","2015-06-18 21:07:09","2015-06-18","21"
"2601","590","293","6.9088630000","79.8692450000","","","2015-06-19 07:50:06","2015-06-19","7","2015-06-19 08:05:54","2015-06-19","8"
"2603","912","304","6.9315796809","79.8720018938","","","2015-06-19 20:31:35","2015-06-19","20","2015-06-19 20:32:00","2015-06-19","20"
"2604","592","319","6.8680942632","79.8699060827","","","2015-06-19 08:29:58","2015-06-19","8","2015-06-19 08:41:36","2015-06-19","8"
"2605","684","294","6.9105900000","79.8669920000","","","2015-06-19 08:54:52","2015-06-19","8","2015-06-19 09:10:43","2015-06-19","9"
"2608","654","329","6.9330963647","79.8517411575","","","2015-06-19 09:04:08","2015-06-19","9","2015-06-19 09:42:39","2015-06-19","9"
"2611","1009","164","6.9036444699","79.8676074296","","","2015-06-19 10:35:53","2015-06-19","10","2015-06-19 10:36:05","2015-06-19","10"
"2613","727","353","6.8881189805","79.8557748646","","","2015-06-19 11:26:40","2015-06-19","11","2015-06-19 11:27:11","2015-06-19","11"
"2614","729","354","6.8882115145","79.8557929695","","","2015-06-19 11:33:11","2015-06-19","11","2015-06-19 11:36:26","2015-06-19","11"
"2621","729","361","6.8882201688","79.8558000103","","","2015-06-19 13:26:06","2015-06-19","13","2015-06-19 13:26:19","2015-06-19","13"
"2622","729","362","6.8882224988","79.8558000103","","","2015-06-19 13:30:09","2015-06-19","13","2015-06-19 13:33:25","2015-06-19","13"
"2623","729","362","6.8882278245","79.8557990044","","","2015-06-19 13:37:41","2015-06-19","13","2015-06-19 13:37:48","2015-06-19","13"
"2624","592","349","6.8881882146","79.8557671532","","","2015-06-19 13:49:16","2015-06-19","13","2015-06-19 13:54:50","2015-06-19","13"
"2625","592","363","6.8881882146","79.8557671532","","","2015-06-19 13:52:18","2015-06-19","13","2015-06-19 13:52:23","2015-06-19","13"
"2631","592","358","6.8886811743","79.8570690304","","","2015-06-19 13:55:38","2015-06-19","13","2015-06-19 14:16:30","2015-06-19","14"
"2632","763","271","6.8881580000","79.8557930000","","","2015-06-19 14:25:12","2015-06-19","14","2015-06-19 14:51:40","2015-06-19","14"
"2633","729","365","6.8881436119","79.8557728529","","","2015-06-19 14:14:35","2015-06-19","14","2015-06-19 14:15:14","2015-06-19","14"
"2634","729","356","6.8881436119","79.8557728529","","","2015-06-19 14:25:21","2015-06-19","14","2015-06-19 14:25:30","2015-06-19","14"
"2635","592","16","6.8944408758","79.8758458346","","","2015-06-19 15:04:00","2015-06-19","15","2015-06-19 15:14:28","2015-06-19","15"
"2646","993","336","6.8877428529","79.8551948369","","","2015-06-19 16:19:39","2015-06-19","16","2015-06-19 17:01:10","2015-06-19","17"
"2648","657","318","6.8881865503","79.8557389900","","","2015-06-19 16:20:33","2015-06-19","16","2015-06-19 16:52:11","2015-06-19","16"
"2652","1047","311","6.9165403843","79.8696539551","","","2015-06-19 16:40:26","2015-06-19","16","2015-06-19 17:17:54","2015-06-19","17"
"2658","917","22","6.9182997531","79.8497308418","","","2015-06-19 16:34:44","2015-06-19","16","2015-06-19 16:34:55","2015-06-19","16"
"2660","1049","22","6.9138387451","79.8765831068","","","2015-06-19 16:39:09","2015-06-19","16","2015-06-19 16:39:14","2015-06-19","16"
"2663","1046","290","6.8754066998","79.8810369149","","","2015-06-19 16:51:02","2015-06-19","16","2015-06-20 10:35:47","2015-06-20","10"
"2671","1041","336","6.8881902117","79.8557570949","","","2015-06-19 17:04:22","2015-06-19","17","2015-06-19 17:18:42","2015-06-19","17"
"2677","809","278","6.8347574764","79.9175719544","","","2015-06-19 17:20:59","2015-06-19","17","2015-06-19 17:21:21","2015-06-19","17"
"2678","809","278","6.8347241871","79.9176440388","","","2015-06-19 17:29:16","2015-06-19","17","2015-06-19 17:29:37","2015-06-19","17"
"2681","590","368","6.8888570000","79.8572270000","","","2015-06-19 17:42:55","2015-06-19","17","2015-06-19 18:26:35","2015-06-19","18"
"2682","35","22","6.8882710958","79.8559160158","","","2015-06-19 18:04:16","2015-06-19","18","2015-06-19 18:28:22","2015-06-19","18"
"2684","969","336","6.9250595826","79.8541189358","","","2015-06-19 18:05:47","2015-06-19","18","2015-06-19 19:05:08","2015-06-19","19"
"2685","610","351","6.8882334830","79.8558539897","","","2015-06-19 17:56:09","2015-06-19","17","2015-06-19 18:21:39","2015-06-19","18"
"2690","361","351","6.8882854086","79.8558580130","","","2015-06-19 18:30:15","2015-06-19","18","2015-06-19 19:00:05","2015-06-19","19"
"2691","809","278","6.8327993929","79.8670709878","","","2015-06-19 19:18:00","2015-06-19","19","2015-06-19 19:18:14","2015-06-19","19"
"2694","809","278","6.8328183680","79.8670991510","","","2015-06-19 19:36:32","2015-06-19","19","2015-06-19 19:36:41","2015-06-19","19"
"2695","809","369","6.8326282850","79.8669271544","","","2015-06-19 19:41:21","2015-06-19","19","2015-06-19 19:41:31","2015-06-19","19"
"2697","35","325","6.8588210744","79.8694219440","","","2015-06-19 20:27:00","2015-06-19","20","2015-06-19 23:25:42","2015-06-19","23"
"2700","727","346","6.9084733645","79.8771359771","","","2015-06-20 09:41:10","2015-06-20","9","2015-06-20 10:35:26","2015-06-20","10"
"2702","361","285","6.9536035661","79.8614809290","","","2015-06-20 09:59:58","2015-06-20","9","2015-06-20 10:29:13","2015-06-20","10"
"2704","590","293","6.9088630000","79.8692450000","","","2015-06-20 10:12:29","2015-06-20","10","2015-06-20 10:22:37","2015-06-20","10"
"2708","35","175","6.8588280648","79.8694128916","","","2015-06-20 10:40:17","2015-06-20","10","2015-06-20 10:49:59","2015-06-20","10"
"2709","727","329","6.8354725311","79.8672369495","","","2015-06-20 10:57:00","2015-06-20","10","2015-06-20 13:04:43","2015-06-20","13"
"2711","592","15","6.8680689650","79.8698869720","6.8883213000","79.8561213000","2015-06-20 11:00:33","2015-06-20","11","2015-06-20 11:13:25","2015-06-20","11"
"2712","1087","293","6.8883203585","79.8565178365","","","2015-06-20 10:58:31","2015-06-20","10","2015-06-20 10:58:56","2015-06-20","10"
"2720","666","351","6.8892789829","79.8569329083","","","2015-06-20 13:32:12","2015-06-20","13","2015-06-20 13:46:35","2015-06-20","13"
"2721","605","188","6.8883100000","79.8559420000","","","2015-06-20 13:27:04","2015-06-20","13","2015-06-20 13:27:20","2015-06-20","13"
"2722","1095","372","6.8880537407","79.8558318615","","","2015-06-20 13:36:26","2015-06-20","13","2015-06-20 13:36:56","2015-06-20","13"
"2725","728","325","6.8882614429","79.8559230566","","","2015-06-20 13:54:37","2015-06-20","13","2015-06-20 14:29:46","2015-06-20","14"
"2726","729","328","6.8695355890","79.8807891458","","","2015-06-20 14:17:43","2015-06-20","14","2015-06-20 14:24:50","2015-06-20","14"
"2728","729","333","6.8695445765","79.8807891458","","","2015-06-20 14:39:32","2015-06-20","14","2015-06-20 14:50:19","2015-06-20","14"
"2729","727","351","6.8900452153","79.8638308793","","","2015-06-20 14:45:28","2015-06-20","14","2015-06-20 14:49:43","2015-06-20","14"
"2733","605","358","6.8870940000","79.8591120000","","","2015-06-20 15:13:53","2015-06-20","15","2015-06-20 16:23:29","2015-06-20","16"
"2734","727","177","6.8901493989","79.8637138680","","","2015-06-20 15:43:58","2015-06-20","15","2015-06-20 15:56:01","2015-06-20","15"
"2735","361","175","6.8875973946","79.8551948369","","","2015-06-20 15:40:57","2015-06-20","15","2015-06-20 15:49:12","2015-06-20","15"
"2739","904","367","6.9141226559","79.8721148819","","","2015-06-20 15:44:50","2015-06-20","15","2015-06-20 15:49:51","2015-06-20","15"
"2740","729","290","6.8887777024","79.8756510392","","","2015-06-20 15:48:42","2015-06-20","15","2015-06-20 15:57:12","2015-06-20","15"
"2741","1079","367","6.8974800000","79.8755820000","","","2015-06-20 16:08:00","2015-06-20","16","2015-06-20 16:15:08","2015-06-20","16"
"2743","1091","175","6.8630875359","79.8666019365","","","2015-06-20 16:30:08","2015-06-20","16","2015-06-20 16:35:11","2015-06-20","16"
"2746","1091","283","6.8793291659","79.8693669587","","","2015-06-20 16:58:14","2015-06-20","16","2015-06-20 17:06:39","2015-06-20","17"
"2752","361","317","6.8738159349","79.8629159108","","","2015-06-20 17:18:10","2015-06-20","17","2015-06-20 17:48:39","2015-06-20","17"
"2755","1091","301","6.8843021033","79.8583279923","","","2015-06-20 17:26:46","2015-06-20","17","2015-06-20 17:34:41","2015-06-20","17"
"2761","35","367","6.8881868832","79.8557748646","","","2015-06-20 17:41:06","2015-06-20","17","2015-06-20 18:20:52","2015-06-20","18"
"2762","1079","382","6.9065830000","79.8682070000","","","2015-06-20 17:47:57","2015-06-20","17","2015-06-20 18:06:50","2015-06-20","18"
"2764","361","317","6.9536674656","79.8620881140","","","2015-06-20 17:50:45","2015-06-20","17","2015-06-20 18:00:07","2015-06-20","18"
"2765","727","301","6.8881023377","79.8558110744","","","2015-06-20 17:53:46","2015-06-20","17","2015-06-20 18:19:35","2015-06-20","18"
"2766","592","356","6.8882241631","79.8558660597","","","2015-06-20 18:11:29","2015-06-20","18","2015-06-20 19:08:21","2015-06-20","19"
"2769","904","177","6.9029578097","79.8645168543","","","2015-06-20 18:42:56","2015-06-20","18","2015-06-20 18:53:18","2015-06-20","18"
"2771","1007","304","6.9030237131","79.8538168520","","","2015-06-20 19:37:11","2015-06-20","19","2015-06-20 19:50:01","2015-06-20","19"
"2772","1091","293","6.9150765684","79.8526899889","","","2015-06-20 19:31:03","2015-06-20","19","2015-06-20 19:39:01","2015-06-20","19"
"2774","1041","353","6.8881922089","79.8557681590","","","2015-06-20 19:48:26","2015-06-20","19","2015-06-20 20:22:24","2015-06-20","20"
"2778","590","293","6.8881680000","79.8558560000","","","2015-06-20 19:57:58","2015-06-20","19","2015-06-20 20:06:24","2015-06-20","20"
"2782","974","312","6.8678942081","79.9044378474","","","2015-06-20 20:34:51","2015-06-20","20","2015-06-20 20:56:38","2015-06-20","20"
"2799","1128","378","6.9248489011","79.8837151006","","","2015-06-20 23:58:31","2015-06-20","23","2015-06-20 23:59:23","2015-06-20","23"
"2803","1109","388","6.9069752409","79.8532170430","","","2015-06-21 00:24:33","2015-06-21","0","2015-06-21 00:27:39","2015-06-21","0"
"2806","994","367","6.9039197329","79.8790768906","","","2015-06-21 00:48:48","2015-06-21","0","2015-06-21 00:57:01","2015-06-21","0"
"2810","1007","367","6.9001885249","79.8738620058","","","2015-06-21 01:24:21","2015-06-21","1","2015-06-21 01:24:44","2015-06-21","1"
"2814","1124","333","6.8771961792","79.8891750723","","","2015-06-21 10:16:55","2015-06-21","10","2015-06-21 10:18:32","2015-06-21","10"
"2817","590","14","6.9089750000","79.8691100000","6.8880230000","79.8557539000","2015-06-21 12:37:14","2015-06-21","12","2015-06-21 13:08:35","2015-06-21","13"
"2818","590","14","6.8880050000","79.8556130000","6.9108174000","79.8667874000","2015-06-21 13:16:58","2015-06-21","13","2015-06-21 13:33:24","2015-06-21","13"
"2828","35","358","6.8587921141","79.8694460839","","","2015-06-21 16:24:03","2015-06-21","16","2015-06-21 16:24:31","2015-06-21","16"
"2830","1091","367","6.9131867148","79.8512010276","","","2015-06-21 16:24:02","2015-06-21","16","2015-06-21 16:31:06","2015-06-21","16"
"2834","1091","309","6.8939998471","79.8552820086","","","2015-06-21 16:57:09","2015-06-21","16","2015-06-21 17:08:11","2015-06-21","17"
"2836","1091","360","6.8648331225","79.8633541167","","","2015-06-21 17:30:15","2015-06-21","17","2015-06-21 17:38:05","2015-06-21","17"
"2837","1091","361","6.8840401433","79.8584061116","","","2015-06-21 17:46:07","2015-06-21","17","2015-06-21 17:50:22","2015-06-21","17"
"2845","809","278","6.7788890346","80.0073930994","","","2015-06-21 20:30:05","2015-06-21","20","2015-06-21 20:30:17","2015-06-21","20"
"2846","809","278","6.7789582845","80.0075848773","","","2015-06-21 20:38:27","2015-06-21","20","2015-06-21 20:38:36","2015-06-21","20"
"2848","809","273","6.7109088171","79.9113931507","","","2015-06-21 21:26:42","2015-06-21","21","2015-06-21 21:27:01","2015-06-21","21"
"2849","972","353","6.8937265754","79.8575058952","","","2015-06-21 21:36:41","2015-06-21","21","2015-06-21 21:52:35","2015-06-21","21"
"2851","809","268","6.9572657931","79.9386490881","","","2015-06-21 21:41:25","2015-06-21","21","2015-06-21 21:42:56","2015-06-21","21"
"2856","1013","329","6.8810454011","79.8975690454","","","2015-06-22 07:31:51","2015-06-22","7","2015-06-22 08:38:30","2015-06-22","8"
"2857","1052","297","6.8799675955","79.9063841254","","","2015-06-22 08:24:31","2015-06-22","8","2015-06-22 10:44:43","2015-06-22","10"
"2861","1163","375","6.8931950000","79.8586590000","","","2015-06-22 10:41:07","2015-06-22","10","2015-06-22 10:41:16","2015-06-22","10"
"2864","592","175","6.8677590627","79.8693381250","","","2015-06-22 08:32:39","2015-06-22","8","2015-06-22 08:43:18","2015-06-22","8"
"2865","590","177","6.9088610000","79.8692460000","","","2015-06-22 08:55:16","2015-06-22","8","2015-06-22 09:07:45","2015-06-22","9"
"2866","1087","293","6.9162355062","79.8689914495","","","2015-06-22 09:01:49","2015-06-22","9","2015-06-22 09:01:56","2015-06-22","9"
"2869","684","177","6.9106780000","79.8669830000","","","2015-06-22 09:44:00","2015-06-22","9","2015-06-22 09:55:49","2015-06-22","9"
"2877","35","89","6.8588350552","79.8693180084","6.8994318000","79.8536343000","2015-06-22 10:42:20","2015-06-22","10","2015-06-22 11:11:02","2015-06-22","11"
"2879","729","391","6.8888096566","79.8554818332","","","2015-06-22 11:44:47","2015-06-22","11","2015-06-22 11:46:45","2015-06-22","11"
"2880","1041","349","6.8883163642","79.8560578376","","","2015-06-22 15:15:47","2015-06-22","15","2015-06-22 15:15:50","2015-06-22","15"
"2883","35","356","6.8584961866","79.8696197569","","","2015-06-22 12:54:47","2015-06-22","12","2015-06-22 13:07:09","2015-06-22","13"
"2884","1181","17","6.9185980000","79.8643860000","6.9241288000","79.8740602000","2015-06-22 13:07:35","2015-06-22","13","2015-06-22 13:07:38","2015-06-22","13"
"2885","1175","351","6.8839320000","79.8583570000","","","2015-06-22 13:00:57","2015-06-22","13","2015-06-22 13:37:53","2015-06-22","13"
"2886","728","22","6.8881120000","79.8559010000","","","2015-06-22 13:22:09","2015-06-22","13","2015-06-22 13:40:10","2015-06-22","13"
"2888","1091","175","6.9150406220","79.8528291285","","","2015-06-22 13:49:55","2015-06-22","13","2015-06-22 14:22:37","2015-06-22","14"
"2893","729","399","6.8886492201","79.8551224172","","","2015-06-22 13:53:34","2015-06-22","13","2015-06-22 13:54:35","2015-06-22","13"
"2895","727","351","6.8881442776","79.8558338732","","","2015-06-22 14:00:23","2015-06-22","14","2015-06-22 16:44:16","2015-06-22","16"
"2897","805","356","6.8880780000","79.8557600000","","","2015-06-22 14:30:56","2015-06-22","14","2015-06-22 14:31:02","2015-06-22","14"
"2899","729","404","6.8886575415","79.8551220819","","","2015-06-22 14:50:40","2015-06-22","14","2015-06-22 14:51:33","2015-06-22","14"
"2903","1091","356","6.8880547393","79.8557691649","","","2015-06-22 15:19:24","2015-06-22","15","2015-06-22 15:29:33","2015-06-22","15"
"2904","1241","264","6.9225137577","79.8571870476","","","2015-06-22 15:15:14","2015-06-22","15","2015-06-23 15:41:46","2015-06-23","15"
"2913","1259","375","6.9215080000","79.8547960000","","","2015-06-22 16:00:46","2015-06-22","16","2015-06-22 16:00:50","2015-06-22","16"
"2916","729","356","6.8880886906","79.8559475318","","","2015-06-22 16:25:14","2015-06-22","16","2015-06-22 16:25:18","2015-06-22","16"
"2918","1214","177","6.9202320000","79.8678320000","","","2015-06-22 16:44:38","2015-06-22","16","2015-06-22 18:13:01","2015-06-22","18"
"2922","1267","17","6.9143150000","79.8501880000","6.9140407000","79.8502799000","2015-06-22 16:40:07","2015-06-22","16","2015-06-22 16:40:10","2015-06-22","16"
"2924","1234","28","6.8989930000","79.8976870000","6.9004452000","79.9056304000","2015-06-22 16:53:12","2015-06-22","16","2015-06-22 16:53:21","2015-06-22","16"
"2925","1277","363","6.9100930000","79.8533500000","","","2015-06-22 16:57:58","2015-06-22","16","2015-06-22 18:05:31","2015-06-22","18"
"2926","729","407","6.8884654837","79.8556035385","","","2015-06-22 16:58:19","2015-06-22","16","2015-06-22 16:59:15","2015-06-22","16"
"2932","35","356","6.8882904014","79.8559411615","","","2015-06-22 17:50:41","2015-06-22","17","2015-06-22 18:13:37","2015-06-22","18"
"2940","592","407","6.8882501258","79.8557671532","","","2015-06-22 18:09:58","2015-06-22","18","2015-06-22 18:33:47","2015-06-22","18"
"2942","1157","351","6.9340790000","79.8438570000","","","2015-06-22 18:11:51","2015-06-22","18","2015-06-22 18:24:59","2015-06-22","18"
"2943","1041","401","6.8968533791","79.8565339297","","","2015-06-22 18:15:22","2015-06-22","18","2015-06-22 18:58:54","2015-06-22","18"
"2952","1299","351","6.9198777210","79.8661000282","","","2015-06-22 19:16:04","2015-06-22","19","2015-06-22 20:03:28","2015-06-22","20"
"2953","35","15","6.8588390497","79.8693310842","6.8880703000","79.8557938000","2015-06-22 18:55:26","2015-06-22","18","2015-06-22 19:08:09","2015-06-22","19"
"2956","1164","363","6.9215770000","79.8620480000","","","2015-06-22 18:53:42","2015-06-22","18","2015-06-23 11:21:57","2015-06-23","11"
"2957","1285","374","6.8733880000","79.8819260000","","","2015-06-22 20:06:05","2015-06-22","20","2015-06-22 20:06:16","2015-06-22","20"
"2960","1157","367","6.9167280000","79.8654510000","","","2015-06-22 19:06:45","2015-06-22","19","2015-06-22 19:15:57","2015-06-22","19"
"2964","684","329","6.9327620000","79.8432400000","","","2015-06-22 19:25:55","2015-06-22","19","2015-06-22 20:37:14","2015-06-22","20"
"2966","810","290","6.8679281609","79.8722510040","","","2015-06-22 20:17:45","2015-06-22","20","2015-06-22 20:18:02","2015-06-22","20"
"2968","727","15","6.8895342829","79.8558928818","6.9169032000","79.9199518000","2015-06-22 19:33:50","2015-06-22","19","2015-06-22 20:27:50","2015-06-22","20"
"2970","1052","29","6.9045035428","79.8670351133","6.8800691000","79.9067553000","2015-06-22 20:05:05","2015-06-22","20","2015-06-22 20:17:42","2015-06-22","20"
"2971","1204","328","6.8763060000","79.8813440000","","","2015-06-22 20:22:05","2015-06-22","20","2015-06-22 20:46:03","2015-06-22","20"
"2973","969","312","6.8708367730","79.9170100316","","","2015-06-22 20:19:18","2015-06-22","20","2015-06-22 20:42:23","2015-06-22","20"
"2975","1302","335","6.8908830000","79.8599430000","","","2015-06-22 20:33:06","2015-06-22","20","2015-06-22 20:42:39","2015-06-22","20"
"2979","1302","335","6.8462750000","79.8727170000","","","2015-06-22 20:52:16","2015-06-22","20","2015-06-23 11:25:00","2015-06-23","11"
"2984","590","30","6.8880540000","79.8558220000","6.9107648000","79.8670638000","2015-06-22 21:33:16","2015-06-22","21","2015-06-22 21:41:53","2015-06-22","21"
"2985","361","353","6.8882830786","79.8558999225","","","2015-06-22 21:40:00","2015-06-22","21","2015-06-22 22:04:58","2015-06-22","22"
"2986","35","407","6.8879428996","79.8559820652","","","2015-06-22 21:52:52","2015-06-22","21","2015-06-22 22:06:52","2015-06-22","22"
"2990","1339","374","6.9136900000","79.8569260000","","","2015-06-22 21:53:47","2015-06-22","21","2015-06-22 21:53:58","2015-06-22","21"
"2991","747","407","6.8767664518","79.8606464267","","","2015-06-22 22:22:09","2015-06-22","22","2015-06-22 23:02:48","2015-06-22","23"
"2999","1191","396","6.8925790000","79.8693930000","","","2015-06-23 01:31:26","2015-06-23","1","2015-06-23 01:37:13","2015-06-23","1"
"3011","1087","293","6.9163117257","79.8648300022","","","2015-06-23 06:28:56","2015-06-23","6","2015-06-23 06:29:09","2015-06-23","6"
"3013","1395","283","6.8768090000","79.8815460000","","","2015-06-23 07:46:04","2015-06-23","7","2015-06-23 08:02:38","2015-06-23","8"
"3015","1052","406","6.8802025959","79.9067458883","","","2015-06-23 07:59:21","2015-06-23","7","2015-06-23 08:43:56","2015-06-23","8"
"3016","1403","405","6.8793480000","79.8599120000","","","2015-06-23 09:17:52","2015-06-23","9","2015-06-23 09:17:57","2015-06-23","9"
"3024","592","260","6.8680722937","79.8699101061","6.8880747000","79.8558432000","2015-06-23 08:35:45","2015-06-23","8","2015-06-23 08:46:17","2015-06-23","8"
"3027","590","338","6.9106600000","79.8667020000","","","2015-06-23 08:59:33","2015-06-23","8","2015-06-23 09:14:51","2015-06-23","9"
"3028","1156","278","6.9433256150","79.8711979017","","","2015-06-23 09:25:47","2015-06-23","9","2015-06-23 09:30:24","2015-06-23","9"
"3033","35","164","6.8587931127","79.8694480956","","","2015-06-23 09:31:47","2015-06-23","9","2015-06-23 09:42:55","2015-06-23","9"
"3035","684","177","6.9106360000","79.8666890000","","","2015-06-23 09:46:59","2015-06-23","9","2015-06-23 10:02:26","2015-06-23","10"
"3037","1432","175","6.9293200000","79.8488730000","","","2015-06-23 10:02:47","2015-06-23","10","2015-06-23 10:02:56","2015-06-23","10"
"3045","1283","406","6.9421270000","79.8647940000","","","2015-06-23 10:38:06","2015-06-23","10","2015-06-23 11:05:19","2015-06-23","11"
"3048","727","304","6.8880474164","79.8556980863","","","2015-06-23 12:06:25","2015-06-23","12","2015-06-23 12:06:30","2015-06-23","12"
"3060","1433","352","6.8874940000","79.8584140000","","","2015-06-23 11:48:02","2015-06-23","11","2015-06-23 11:48:06","2015-06-23","11"
"3062","1433","351","6.8874940000","79.8584140000","","","2015-06-23 11:37:47","2015-06-23","11","2015-06-23 13:01:33","2015-06-23","13"
"3069","1345","404","6.9133130000","79.8505600000","","","2015-06-23 12:54:33","2015-06-23","12","2015-06-23 12:54:48","2015-06-23","12"
"3071","727","216","6.8881888803","79.8557621241","","","2015-06-23 12:12:48","2015-06-23","12","2015-06-23 13:09:54","2015-06-23","13"
"3073","785","317","6.8780869220","79.8775544018","","","2015-06-23 12:27:49","2015-06-23","12","2015-06-23 13:07:57","2015-06-23","13"
"3082","729","363","6.8882897357","79.8564293236","","","2015-06-23 12:59:17","2015-06-23","12","2015-06-23 13:00:27","2015-06-23","13"
"3084","729","363","6.8880088051","79.8562620208","","","2015-06-23 13:05:15","2015-06-23","13","2015-06-23 13:06:48","2015-06-23","13"
"3085","666","351","6.8891941048","79.8640860245","","","2015-06-23 13:23:28","2015-06-23","13","2015-06-23 13:30:48","2015-06-23","13"
"3094","729","414","6.8881476061","79.8560249805","","","2015-06-23 13:16:08","2015-06-23","13","2015-06-23 13:17:05","2015-06-23","13"
"3100","1091","14","6.9155788195","79.8526920006","6.9115143000","79.8693842000","2015-06-23 13:33:03","2015-06-23","13","2015-06-23 13:41:33","2015-06-23","13"
"3101","1458","216","6.8609610000","79.8734140000","","","2015-06-23 13:39:11","2015-06-23","13","2015-06-23 14:11:18","2015-06-23","14"
"3103","1091","407","6.9115711137","79.8699999601","","","2015-06-23 14:00:36","2015-06-23","14","2015-06-23 14:16:19","2015-06-23","14"
"3107","1157","217","6.9052930000","79.8549480000","","","2015-06-23 14:25:01","2015-06-23","14","2015-06-23 16:47:53","2015-06-23","16"
"3113","1091","400","6.8969888491","79.8776519671","","","2015-06-23 14:34:59","2015-06-23","14","2015-06-23 14:44:22","2015-06-23","14"
"3116","1091","318","6.8778013253","79.8778994009","","","2015-06-23 14:57:45","2015-06-23","14","2015-06-23 15:02:51","2015-06-23","15"
"3118","610","415","6.8881812246","79.8558010161","","","2015-06-23 15:14:00","2015-06-23","15","2015-06-23 15:44:42","2015-06-23","15"
"3123","1091","397","6.8718846412","79.8899039626","","","2015-06-23 15:24:57","2015-06-23","15","2015-06-23 15:33:00","2015-06-23","15"
"3130","1091","301","6.8555442249","79.8882899433","","","2015-06-23 15:46:26","2015-06-23","15","2015-06-23 15:53:58","2015-06-23","15"
"3135","1091","216","6.8664435569","79.8705897108","","","2015-06-23 16:07:34","2015-06-23","16","2015-06-23 16:17:41","2015-06-23","16"
"3139","1091","421","6.8770926585","79.8604439199","6.9150172000","79.8525957000","2015-06-23 16:35:58","2015-06-23","16","2015-06-23 16:53:26","2015-06-23","16"
"3140","1320","403","6.9198700658","79.8558077216","","","2015-06-23 17:10:48","2015-06-23","17","2015-06-23 17:11:27","2015-06-23","17"
"3141","1049","363","6.9221120293","79.8575880378","","","2015-06-23 16:49:30","2015-06-23","16","2015-06-23 17:29:13","2015-06-23","17"
"3142","785","405","6.9117911207","79.8500748351","","","2015-06-23 16:52:35","2015-06-23","16","2015-06-23 17:03:45","2015-06-23","17"
"3148","361","353","6.8808932835","79.8593378440","","","2015-06-23 17:13:03","2015-06-23","17","2015-06-23 17:49:00","2015-06-23","17"
"3152","729","423","6.8881565933","79.8559837416","6.8880965000","79.8557342000","2015-06-23 17:22:41","2015-06-23","17","2015-06-23 17:43:43","2015-06-23","17"
"3157","1433","403","6.8883590000","79.8566140000","","","2015-06-23 19:15:16","2015-06-23","19","2015-06-23 19:58:21","2015-06-23","19"
"3158","1037","328","6.8754336619","79.8809641600","","","2015-06-23 18:36:41","2015-06-23","18","2015-06-23 18:36:48","2015-06-23","18"
"3160","1439","339","6.8928790000","79.8678700000","","","2015-06-23 17:37:27","2015-06-23","17","2015-06-23 17:40:08","2015-06-23","17"
"3161","1013","356","6.8995264903","79.8556249961","","","2015-06-23 17:46:23","2015-06-23","17","2015-06-23 18:27:06","2015-06-23","18"
"3162","1439","339","6.8930300000","79.8674590000","","","2015-06-23 17:42:30","2015-06-23","17","2015-06-23 17:51:04","2015-06-23","17"
"3169","1516","226","6.8861414778","79.8561108112","","","2015-06-23 18:19:26","2015-06-23","18","2015-06-23 18:20:27","2015-06-23","18"
"3170","592","431","6.8880983434","79.8558030277","","","2015-06-23 18:33:23","2015-06-23","18","2015-06-23 18:38:28","2015-06-23","18"
"3171","684","400","6.9328410000","79.8432290000","","","2015-06-23 18:50:48","2015-06-23","18","2015-06-23 18:53:16","2015-06-23","18"
"3172","1052","415","6.9114266613","79.8554389179","","","2015-06-23 19:02:32","2015-06-23","19","2015-06-23 19:43:22","2015-06-23","19"
"3174","1542","367","6.8965691251","79.8548907414","","","2015-06-23 18:59:20","2015-06-23","18","2015-06-23 19:21:50","2015-06-23","19"
"3175","917","319","6.9189747419","79.8504429683","","","2015-06-23 18:50:57","2015-06-23","18","2015-06-23 19:22:57","2015-06-23","19"
"3178","590","217","6.8881600000","79.8557880000","","","2015-06-23 19:12:52","2015-06-23","19","2015-06-23 19:38:54","2015-06-23","19"
"3183","1449","348","6.8868697696","79.8584158346","","","2015-06-23 19:37:26","2015-06-23","19","2015-06-23 20:04:04","2015-06-23","20"