PICKUPLAT,PICKUPLONG,DROPOFFLAT,DROPOFFLONG
53.521699,-113.459299,53.52456,-113.527233
53.520365,-113.527807,53.540067,-113.513031
53.492131,-113.455852,53.507048,-113.478136
53.540067,-113.513031,53.544557,-113.476288
53.503026,-113.454749,53.559537,-113.497126
53.559537,-113.497126,53.503026,-113.454749
53.443217,-113.555241,53.636376,-113.375209
53.530603,-113.617797,53.455086,-113.564873
53.603387,-113.536959,53.516036,-113.636024
53.599117,-113.545706,53.559704,-113.548211
53.440126,-113.455404,53.475072,-113.463151
53.556687,-113.385318,53.568006,-113.41151
53.457578,-113.4614,53.520365,-113.527807
53.520365,-113.527807,53.457578,-113.4614
53.518865,-113.51445,53.557503,-113.494283
53.557503,-113.494283,53.518865,-113.51445
53.443217,-113.555241,53.454393,-113.434662
53.558491,-113.476037,53.3958,-113.393519
53.576901,-113.467829,53.502544,-113.358259
53.45326,-113.418324,53.458255,-113.368987
53.543385,-113.50047,53.463352,-113.499693
53.496299,-113.623331,53.496047,-113.649223
53.573091,-113.709986,53.520591,-113.625025
53.460158,-113.511942,53.489643,-113.455245
53.489643,-113.455245,53.460158,-113.511942
53.559537,-113.497126,53.480428,-113.506739
53.544796,-113.531957,53.586996,-113.543722
53.554254,-113.621927,53.516502,-113.565293
53.516036,-113.636024,53.603387,-113.536959
53.518757,-113.484235,53.545235,-113.478796
53.591161,-113.542726,53.558491,-113.476037
53.545353,-113.529249,53.626726,-113.487021
53.483935,-113.384012,53.60241,-113.444562
53.601774,-113.554592,53.516878,-113.526321
53.516878,-113.526321,53.601774,-113.554592
53.579578,-113.579498,53.518398,-113.514455
53.596435,-113.409196,53.605339,-113.484676
53.605339,-113.484676,53.596435,-113.409196
53.600262,-113.440756,53.598107,-113.387099
53.43994,-113.505597,53.459793,-113.506059
53.43994,-113.505597,53.459793,-113.506059
53.545353,-113.529249,53.610036,-113.595026
53.551618,-113.509895,53.484727,-113.534697
53.607994,-113.451146,53.520591,-113.625025
53.520591,-113.625025,53.607994,-113.451146
53.560759,-113.563958,53.567972,-113.404688
53.552544,-113.473956,53.543357,-113.533631
53.543357,-113.533631,53.552544,-113.473956
53.584948,-113.495973,53.528374,-113.441738
53.528374,-113.441738,53.584948,-113.495973
53.528374,-113.441738,53.584948,-113.495973
53.531258,-113.616505,53.520591,-113.625025
53.520591,-113.625025,53.531258,-113.616505
53.494886,-113.434734,53.467504,-113.396473
53.552595,-113.522514,53.520365,-113.527807
53.451896,-113.500116,53.548709,-113.535883
53.52456,-113.527233,53.552828,-113.637738
53.468697,-113.370513,53.560171,-113.54912
53.540208,-113.508139,53.547126,-113.518667
53.547126,-113.518667,53.540208,-113.508139
53.564862,-113.492278,53.598611,-113.489758
53.544557,-113.476288,53.594372,-113.406384
53.598611,-113.489758,53.564862,-113.492278
53.449549,-113.414864,53.461554,-113.433146
53.461554,-113.433146,53.449549,-113.414864
53.625725,-113.415994,53.589718,-113.540128
53.536497,-113.607664,53.520591,-113.625025
53.520591,-113.625025,53.536497,-113.607664
53.6016,-113.400776,53.508832,-113.6201
53.52618,-113.442387,53.47045,-113.591692
53.587407,-113.444728,53.60241,-113.444562
53.538633,-113.604693,53.526421,-113.506222
53.516502,-113.565293,53.554254,-113.621927
53.554254,-113.621927,53.516502,-113.565293
53.482044,-113.497731,53.491031,-113.515371
53.496796,-113.493682,53.554196,-113.485857
53.600367,-113.41044,53.605339,-113.484676
53.539899,-113.507089,53.47636,-113.442167
53.605339,-113.484676,53.600367,-113.41044
53.520488,-113.467085,53.504991,-113.618898
53.504991,-113.618898,53.520488,-113.467085
53.571284,-113.533626,53.558491,-113.476037
53.558491,-113.476037,53.571284,-113.533626
53.571284,-113.533626,53.558491,-113.476037
53.517728,-113.441724,53.558536,-113.498072
53.601361,-113.417076,53.60241,-113.444562
53.560759,-113.563958,53.567972,-113.404688
53.547314,-113.596263,53.521699,-113.459299
53.521699,-113.459299,53.547314,-113.596263
53.560759,-113.563958,53.567972,-113.404688
53.545353,-113.529249,53.542137,-113.488144
53.428186,-113.527626,53.559537,-113.497126
53.559537,-113.497126,53.428186,-113.527626
53.449549,-113.414864,53.503986,-113.571414
53.544557,-113.476288,53.567777,-113.501556
53.461796,-113.42289,53.451352,-113.428794
53.451352,-113.428794,53.461796,-113.42289
53.461796,-113.42289,53.451352,-113.428794
53.52321,-113.616518,53.573325,-113.704173
53.451352,-113.428794,53.461796,-113.42289
53.536763,-113.428429,53.464098,-113.478769
53.464098,-113.478769,53.536763,-113.428429
53.482023,-113.387848,53.550072,-113.531151
53.513069,-113.473999,53.456625,-113.426861
53.456625,-113.426861,53.513069,-113.473999
53.478248,-113.384556,53.520591,-113.625025
53.520591,-113.625025,53.478248,-113.384556
53.468025,-113.5855,53.484656,-113.495449
53.484656,-113.495449,53.468025,-113.5855
53.548709,-113.535883,53.451896,-113.500116
53.538634,-113.59624,53.592028,-113.445805
53.483827,-113.640977,53.539984,-113.59521
53.592028,-113.445805,53.538634,-113.59624
53.546844,-113.595378,53.533832,-113.506782
53.518398,-113.514455,53.561197,-113.500849
53.561197,-113.500849,53.518398,-113.514455
53.521398,-113.612493,53.539534,-113.581796
53.559537,-113.497126,53.506276,-113.50992
53.600367,-113.41044,53.541199,-113.532347
53.548709,-113.535883,53.598611,-113.489758
53.605339,-113.484676,53.600367,-113.41044
53.632085,-113.355073,53.557503,-113.494283
53.520598,-113.632133,53.556687,-113.385318
53.556687,-113.385318,53.520598,-113.632133
53.605339,-113.484676,53.522057,-113.528225
53.610314,-113.457371,53.592848,-113.476249
53.60241,-113.444562,53.605339,-113.484676
53.592848,-113.476249,53.610314,-113.457371
53.605593,-113.416714,53.617423,-113.39954
53.529963,-113.617332,53.528756,-113.684333
53.573941,-113.433324,53.636376,-113.375209
53.590137,-113.522,53.571284,-113.533626
53.462512,-113.403047,53.564565,-113.552693
53.564565,-113.552693,53.462512,-113.403047
53.617423,-113.39954,53.605593,-113.416714
53.552544,-113.473956,53.519756,-113.594459
53.524729,-113.459024,53.52456,-113.527233
53.520652,-113.593592,53.552544,-113.473956
53.52456,-113.527233,53.612463,-113.51457
53.462294,-113.597735,53.518454,-113.517198
53.624006,-113.472179,53.598611,-113.489758
53.518454,-113.517198,53.462294,-113.597735
53.532512,-113.467386,53.540625,-113.500171
53.540625,-113.500171,53.532512,-113.467386
53.598611,-113.489758,53.624006,-113.472179
53.573934,-113.433228,53.526421,-113.506222
53.526421,-113.506222,53.573934,-113.433228
53.567845,-113.547893,53.559154,-113.553835
53.559154,-113.553835,53.539483,-113.502417
53.573934,-113.433228,53.526421,-113.506222
53.455124,-113.513717,53.570111,-113.483958
53.543357,-113.533631,53.507048,-113.478136
53.448803,-113.566174,53.570634,-113.416456
53.570634,-113.416456,53.448803,-113.566174
53.550608,-113.547449,53.598068,-113.568739
53.598052,-113.572671,53.550608,-113.547449
53.531243,-113.468804,53.520591,-113.625025
53.520591,-113.625025,53.531243,-113.468804
53.544987,-113.494627,53.562521,-113.510463
53.561663,-113.536418,53.52321,-113.616518
53.52321,-113.616518,53.561663,-113.536418
53.595651,-113.399829,53.519597,-113.513415
53.569703,-113.409539,53.592676,-113.539235
53.615245,-113.508329,53.537017,-113.501601
53.492853,-113.579045,53.523765,-113.613108
53.448803,-113.566174,53.559537,-113.497126
53.559537,-113.497126,53.448803,-113.566174
53.533741,-113.474776,53.478265,-113.390578
53.522,-113.59118,53.53263,-113.638273
53.53263,-113.638273,53.520652,-113.593592
53.627852,-113.432869,53.540067,-113.513031
53.573941,-113.433324,53.6016,-113.400776
53.6016,-113.400776,53.573941,-113.433324
53.503925,-113.617652,53.541742,-113.511714
53.507048,-113.478136,53.50408,-113.613752
53.450379,-113.42104,53.560759,-113.563958
53.560759,-113.563958,53.450379,-113.42104
53.500755,-113.623367,53.500141,-113.542425
53.474379,-113.497908,53.479423,-113.493095
53.553163,-113.490456,53.5706,-113.470264
53.566752,-113.470049,53.520365,-113.527807
53.520365,-113.527807,53.566752,-113.470049
53.500141,-113.542425,53.502761,-113.628642
53.502761,-113.628642,53.500755,-113.623367
53.601974,-113.457236,53.557049,-113.497518
53.557049,-113.497518,53.601974,-113.457236
53.561305,-113.472972,53.517771,-113.462567
53.517771,-113.462567,53.561305,-113.472972
53.440169,-113.429832,53.556687,-113.385318
53.57104,-113.533009,53.5192,-113.456376
53.540018,-113.496783,53.521398,-113.612493
53.520598,-113.632133,53.590751,-113.557637
53.540543,-113.60832,53.517368,-113.439201
53.521398,-113.612493,53.538689,-113.604701
53.481818,-113.406091,53.545633,-113.49023
53.520591,-113.625025,53.531243,-113.468804
53.414641,-113.540471,53.418931,-113.444282
53.520598,-113.632133,53.590751,-113.557637
53.590751,-113.557637,53.520598,-113.632133
53.590751,-113.557637,53.520598,-113.632133
53.545633,-113.49023,53.604357,-113.466266
53.604357,-113.466266,53.545633,-113.49023
53.559537,-113.497126,53.541841,-113.430489
53.451681,-113.502226,53.521398,-113.612493
53.482281,-113.49657,53.46894,-113.493152
53.46894,-113.493152,53.482281,-113.49657
53.482281,-113.49657,53.459487,-113.58224
53.459487,-113.58224,53.482281,-113.49657
53.58322,-113.393022,53.542479,-113.495572
53.578033,-113.40965,53.60241,-113.444562
53.60241,-113.444562,53.578033,-113.40965
53.564732,-113.554121,53.559154,-113.553835
53.559154,-113.553835,53.564732,-113.554121
53.542537,-113.467152,53.559537,-113.497126
53.559537,-113.497126,53.542537,-113.467152
53.478265,-113.390578,53.533741,-113.474776
53.518397,-113.447887,53.440129,-113.429096
53.521699,-113.459299,53.523675,-113.440822
53.521699,-113.459299,53.523675,-113.440822
53.459975,-113.424372,53.436584,-113.483066
53.436584,-113.483066,53.459975,-113.424372
53.533163,-113.622533,53.545066,-113.612262
53.540067,-113.513031,53.545886,-113.427483
53.481545,-113.403142,53.513376,-113.510171
53.557049,-113.497518,53.564808,-113.398966
53.544557,-113.476288,53.500986,-113.628818
53.500986,-113.628818,53.544557,-113.476288
53.575292,-113.504336,53.547042,-113.506991
53.556687,-113.385318,53.522603,-113.648084
53.626726,-113.487021,53.607221,-113.459809
53.607221,-113.459809,53.626726,-113.487021
53.626707,-113.406814,53.556687,-113.385318
53.545235,-113.478796,53.486931,-113.493525
53.507716,-113.641878,53.49388,-113.640788
53.49388,-113.640788,53.507716,-113.641878
53.55267,-113.57059,53.594542,-113.509126
53.594542,-113.509126,53.55267,-113.57059
53.542166,-113.530377,53.561197,-113.462972
53.588612,-113.507201,53.556687,-113.385318
53.556687,-113.385318,53.588612,-113.507201
53.564808,-113.398966,53.511882,-113.555776
53.542556,-113.511129,53.592558,-113.488185
53.567968,-113.403766,53.597969,-113.494963
53.570111,-113.483958,53.467855,-113.414869
53.440689,-113.53319,53.520591,-113.625025
53.520638,-113.454538,53.517643,-113.486456
53.610248,-113.410584,53.598488,-113.488254
53.517643,-113.486456,53.521699,-113.459299
53.550633,-113.627964,53.553163,-113.490456
53.546675,-113.590702,53.545353,-113.529249
53.625858,-113.517727,53.542908,-113.489705
53.506421,-113.618343,53.591352,-113.544944
53.564707,-113.456809,53.474292,-113.361136
53.564707,-113.456809,53.474292,-113.361136
53.559154,-113.553835,53.54268,-113.529083
53.486931,-113.493525,53.518757,-113.484235
53.477475,-113.502629,53.606058,-113.415504
53.606058,-113.415504,53.477475,-113.502629
53.597082,-113.493023,53.612463,-113.51457
53.466438,-113.428637,53.455729,-113.431191
53.53847,-113.506999,53.540018,-113.496783
53.540018,-113.496783,53.539483,-113.502417
53.539483,-113.502417,53.540018,-113.496783
53.54268,-113.529083,53.559154,-113.553835
53.550334,-113.580482,53.559743,-113.528154
53.559743,-113.528154,53.562042,-113.505353
53.562042,-113.505353,53.550334,-113.580482
53.564862,-113.492278,53.521398,-113.612493
53.535823,-113.471817,53.507048,-113.478136
53.507048,-113.478136,53.535823,-113.471817
53.535823,-113.471817,53.507048,-113.478136
53.507048,-113.478136,53.535823,-113.471817
53.540067,-113.513031,53.545886,-113.427483
53.540067,-113.513031,53.545886,-113.427483
53.511882,-113.555776,53.568006,-113.41151
53.502751,-113.572646,53.568006,-113.41151
53.6016,-113.400776,53.568006,-113.41151
53.526948,-113.545273,53.568006,-113.41151
53.541841,-113.430489,53.5192,-113.456376
53.507716,-113.641878,53.519926,-113.589165
53.541134,-113.605163,53.540067,-113.513031
53.593612,-113.534815,53.601701,-113.551919
53.557512,-113.520663,53.519358,-113.49442
53.519358,-113.49442,53.557512,-113.520663
53.5192,-113.456376,53.541841,-113.430489
53.556536,-113.585223,53.520652,-113.593592
53.520652,-113.593592,53.556536,-113.585223
53.49453,-113.520981,53.525711,-113.644601
53.533696,-113.636545,53.535145,-113.477384
53.538494,-113.504224,53.482044,-113.497936
53.564955,-113.436624,53.450271,-113.48336
53.516878,-113.526321,53.628438,-113.456696
53.61046,-113.418279,53.627823,-113.417982
53.544429,-113.509028,53.54026,-113.516257
53.482044,-113.497936,53.538494,-113.504224
53.538494,-113.504224,53.482044,-113.497936
53.482044,-113.497936,53.538494,-113.504224
53.583174,-113.640973,53.51734,-113.446906
53.518398,-113.514455,53.561197,-113.500849
53.561197,-113.500849,53.518398,-113.514455
53.512999,-113.434865,53.605339,-113.484676
53.503881,-113.453785,53.633596,-113.498589
53.633596,-113.498589,53.523758,-113.456894
53.605339,-113.484676,53.512999,-113.434865
53.580979,-113.475051,53.559743,-113.528154
53.429597,-113.451945,53.467901,-113.449461
53.463554,-113.413951,53.627094,-113.48265
53.599439,-113.379681,53.594764,-113.491316
53.538563,-113.503443,53.515792,-113.47625
53.524069,-113.580953,53.552952,-113.618777
53.552952,-113.618777,53.524069,-113.580953
53.520365,-113.527807,53.514838,-113.43842
53.612126,-113.533267,53.551618,-113.509895
53.551618,-113.509895,53.612126,-113.533267
53.544049,-113.562227,53.571981,-113.455914
53.571981,-113.455914,53.544049,-113.562227
53.542393,-113.605317,53.612463,-113.51457
53.612463,-113.51457,53.542393,-113.605317
53.514838,-113.43842,53.520365,-113.527807
53.561663,-113.536418,53.554254,-113.621927
53.554254,-113.621927,53.561663,-113.536418
53.561663,-113.536418,53.554254,-113.621927
53.554254,-113.621927,53.561663,-113.536418
53.535145,-113.477384,53.533696,-113.636545
53.541323,-113.524029,53.598611,-113.489758
53.598611,-113.489758,53.541323,-113.524029
53.442358,-113.534708,53.458174,-113.429125
53.535145,-113.477384,53.533696,-113.636545
53.533696,-113.636545,53.535145,-113.477384
53.53373,-113.636603,53.535145,-113.477384
53.514926,-113.505238,53.516816,-113.497088
53.601195,-113.456007,53.558341,-113.503373
53.521699,-113.459299,53.541742,-113.511714
53.541742,-113.511714,53.540713,-113.491329
53.542506,-113.493732,53.541742,-113.511714
53.541742,-113.511714,53.521699,-113.459299
53.558341,-113.503373,53.601195,-113.456007
53.6016,-113.400776,53.598611,-113.489758
53.54026,-113.516257,53.544429,-113.509028
53.440715,-113.460393,53.546647,-113.489628
53.546647,-113.489628,53.440715,-113.460393
53.420887,-113.445993,53.443712,-113.408352
53.443712,-113.408352,53.420887,-113.445993
53.559537,-113.497126,53.613012,-113.480185
53.591161,-113.542726,53.526948,-113.545273
53.455729,-113.431191,53.466438,-113.428637
53.613012,-113.480185,53.559537,-113.497126
53.559537,-113.497126,53.613012,-113.480185
53.426664,-113.457401,53.542479,-113.495572
53.50948,-113.649565,53.605339,-113.484676
53.605339,-113.484676,53.50948,-113.649565
53.519407,-113.464641,53.545384,-113.425388
53.553695,-113.48876,53.580205,-113.457339
53.55409,-113.560589,53.559704,-113.548211
53.563975,-113.553631,53.55409,-113.560589
53.580205,-113.457339,53.553695,-113.48876
53.594542,-113.509126,53.57125,-113.442624
53.564808,-113.398966,53.590847,-113.420361
53.504518,-113.503104,53.462174,-113.429644
53.541228,-113.527079,53.599255,-113.533282
53.544375,-113.582683,53.560759,-113.563958
53.560759,-113.563958,53.544375,-113.582683
53.609829,-113.562313,53.510583,-113.512886
53.599255,-113.533282,53.541228,-113.527079
53.421075,-113.537304,53.437781,-113.604108
53.437781,-113.604108,53.421075,-113.537304
53.450415,-113.417233,53.477226,-113.480477
53.535145,-113.477384,53.53373,-113.636603
53.533696,-113.636545,53.534755,-113.62489
53.607371,-113.396928,53.612463,-113.51457
53.54928,-113.481547,53.485223,-113.514759
53.485223,-113.514759,53.54928,-113.481547
53.53373,-113.636603,53.534755,-113.62489
53.534755,-113.62489,53.53373,-113.636603
53.620112,-113.49001,53.595845,-113.538884
53.490824,-113.649266,53.520591,-113.625025
53.520591,-113.625025,53.490824,-113.649266
53.461141,-113.506451,53.568006,-113.41151
53.508468,-113.632494,53.549243,-113.620039
53.549243,-113.620039,53.508468,-113.632494
53.501727,-113.616787,53.42452,-113.514387
53.42452,-113.514387,53.501727,-113.616787
53.464742,-113.440345,53.564707,-113.456809
53.564707,-113.456809,53.464742,-113.440345
53.477475,-113.502629,53.45242,-113.513898
53.45242,-113.513898,53.477475,-113.502629
53.421208,-113.443382,53.559537,-113.497126
53.557049,-113.497518,53.544557,-113.476288
53.545578,-113.466963,53.443418,-113.576017
53.51643,-113.641697,53.541311,-113.640019
53.491126,-113.617148,53.512607,-113.47736
53.512607,-113.47736,53.491126,-113.617148
53.491126,-113.617148,53.519663,-113.428676
53.519663,-113.428676,53.491126,-113.617148
53.52263,-113.592336,53.470481,-113.591679
53.470481,-113.591679,53.52263,-113.592336
53.520174,-113.605841,53.532734,-113.625616
53.532734,-113.625616,53.520174,-113.605841
53.545633,-113.49023,53.581931,-113.560132
53.613012,-113.480185,53.559537,-113.497126
53.448364,-113.500247,53.463207,-113.501955
53.516298,-113.589335,53.603749,-113.549501
53.52321,-113.616518,53.533163,-113.622533
53.598611,-113.489758,53.615105,-113.46195
53.483937,-113.384005,53.556687,-113.385318
53.556687,-113.385318,53.483937,-113.384005
53.567968,-113.403766,53.597969,-113.494963
53.597969,-113.494963,53.567968,-113.403766
53.559675,-113.542794,53.54121,-113.494115
53.596515,-113.40906,53.520365,-113.527807
53.608712,-113.539405,53.556687,-113.385318
53.520365,-113.527807,53.596515,-113.40906
53.556687,-113.385318,53.608712,-113.539405
53.484071,-113.505626,53.541156,-113.520033
53.541156,-113.520033,53.484071,-113.505626
53.484071,-113.505626,53.520365,-113.527807
53.520365,-113.527807,53.484071,-113.505626
53.520591,-113.625025,53.544375,-113.582683
53.468584,-113.395206,53.57586,-113.477577
53.600367,-113.41044,53.605339,-113.484676
53.605339,-113.484676,53.600367,-113.41044
53.605339,-113.484676,53.512999,-113.434865
53.512999,-113.434865,53.605339,-113.484676
53.490824,-113.649266,53.523371,-113.522269
53.544375,-113.582683,53.520591,-113.625025
53.544375,-113.582683,53.520591,-113.625025
53.520591,-113.625025,53.544375,-113.582683
53.517896,-113.51828,53.518328,-113.523834
53.517896,-113.51828,53.518328,-113.523834
53.504595,-113.619507,53.501107,-113.641494
53.591161,-113.542726,53.504595,-113.619507
53.504595,-113.619507,53.535201,-113.635309
53.591161,-113.542726,53.504595,-113.619507
53.598611,-113.489758,53.533163,-113.622533
53.533163,-113.622533,53.598611,-113.489758
53.565418,-113.59273,53.559587,-113.560166
53.559587,-113.560166,53.559154,-113.553835
53.498714,-113.542727,53.520365,-113.527807
53.520365,-113.527807,53.498714,-113.542727
53.591161,-113.542726,53.526948,-113.545273
53.605339,-113.484676,53.532209,-113.419578
53.463352,-113.499693,53.525065,-113.527619
53.525065,-113.527619,53.45097,-113.515255
53.45097,-113.515255,53.463352,-113.499693
53.591161,-113.542726,53.559829,-113.54912
53.534755,-113.62489,53.533696,-113.636545
53.47378,-113.527602,53.575461,-113.400363
53.518398,-113.514455,53.561197,-113.500849
53.561197,-113.500849,53.518398,-113.514455
53.475581,-113.442929,53.541281,-113.529294
53.540067,-113.513031,53.52321,-113.616518
53.52321,-113.616518,53.540067,-113.513031
53.492609,-113.40097,53.513468,-113.509988
53.531955,-113.582807,53.560759,-113.563958
53.560759,-113.563958,53.531955,-113.582807
53.513468,-113.509988,53.492609,-113.40097
53.545633,-113.49023,53.481818,-113.406091
53.559743,-113.499282,53.52205,-113.487546
53.519358,-113.49442,53.559743,-113.499282
53.548328,-113.536262,53.521398,-113.612493
53.482044,-113.497936,53.538494,-113.504224
53.445692,-113.482486,53.483935,-113.384012
53.446886,-113.496936,53.459322,-113.514329
53.506421,-113.618343,53.51969,-113.618464
53.547134,-113.565139,53.536949,-113.576813
53.536949,-113.576813,53.547134,-113.565139
53.49004,-113.514959,53.485223,-113.514759
53.562042,-113.505353,53.549279,-113.481547
53.559537,-113.497126,53.629558,-113.556763
53.629558,-113.556763,53.559537,-113.497126
53.485223,-113.514759,53.49004,-113.514959
53.455314,-113.423935,53.544684,-113.491328
53.440715,-113.460393,53.546647,-113.489628
53.546647,-113.489628,53.440715,-113.460393
53.440715,-113.460393,53.546647,-113.489628
53.546647,-113.489628,53.440715,-113.460393
53.573091,-113.709986,53.520591,-113.625025
53.520591,-113.625025,53.573091,-113.709986
53.567845,-113.547893,53.559149,-113.553832
53.559154,-113.553835,53.567845,-113.547893
53.605339,-113.484676,53.596435,-113.409196
53.573941,-113.433324,53.543772,-113.502526
53.543772,-113.502526,53.573941,-113.433324
53.541742,-113.511714,53.503925,-113.617652
53.484415,-113.497444,53.614247,-113.491377
53.492853,-113.579045,53.570111,-113.483958
53.548733,-113.430503,53.569456,-113.486274
53.609592,-113.55426,53.612463,-113.51457
53.612463,-113.51457,53.609592,-113.55426
53.552544,-113.473956,53.541998,-113.58954
53.560161,-113.455131,53.557503,-113.494283
53.46108,-113.530529,53.501341,-113.635207
53.596435,-113.409196,53.605339,-113.484676
53.540435,-113.607026,53.524069,-113.580953
53.524069,-113.580953,53.540435,-113.607026
53.570111,-113.483958,53.492853,-113.579045
53.462287,-113.436146,53.568225,-113.459768
53.568225,-113.459768,53.462287,-113.436146
53.462287,-113.436146,53.568225,-113.459768
53.568225,-113.459768,53.462287,-113.436146
53.52417,-113.4853,53.542506,-113.493732
53.532209,-113.419578,53.605339,-113.484676
53.605339,-113.484676,53.532209,-113.419578
53.532209,-113.419578,53.605339,-113.484676
53.434695,-113.579831,53.459793,-113.506059
53.459793,-113.506059,53.434695,-113.579831
53.513069,-113.473999,53.559704,-113.548211
53.557049,-113.497518,53.564862,-113.492278
53.559537,-113.497126,53.546907,-113.443532
53.501731,-113.472566,53.516878,-113.526321
53.516878,-113.526321,53.501731,-113.472566
53.550072,-113.531151,53.6016,-113.400776
53.600367,-113.41044,53.541292,-113.531678
53.548709,-113.535883,53.598611,-113.489758
53.605339,-113.484676,53.600367,-113.41044
53.52334,-113.612853,53.514567,-113.511439
53.600602,-113.408156,53.599141,-113.387409
53.54555,-113.48157,53.516878,-113.526321
53.516878,-113.526321,53.54555,-113.48157
53.514567,-113.511439,53.52334,-113.612853
53.552544,-113.473956,53.5408,-113.425302
53.539507,-113.421651,53.552544,-113.473956
53.520652,-113.593592,53.513692,-113.651806
53.513692,-113.651806,53.520652,-113.593592
53.573223,-113.535356,53.559532,-113.614243
53.559532,-113.614243,53.573223,-113.535356
53.599141,-113.387409,53.600111,-113.401985
53.600111,-113.401985,53.600602,-113.408156
53.603143,-113.538931,53.598611,-113.489758
53.598611,-113.489758,53.603143,-113.538931
53.603143,-113.538931,53.616634,-113.503732
53.591604,-113.533901,53.556687,-113.385318
53.556687,-113.385318,53.591604,-113.533901
53.513026,-113.482616,53.559149,-113.553832
53.559154,-113.553835,53.513026,-113.482616
53.454761,-113.398353,53.456625,-113.426861
53.454393,-113.434662,53.454761,-113.398353
53.588465,-113.556911,53.452524,-113.485264
53.452524,-113.485264,53.588465,-113.556911
53.516361,-113.489194,53.45242,-113.513898
53.558223,-113.390608,53.600455,-113.487357
53.627427,-113.528578,53.556687,-113.385318
53.518398,-113.514455,53.532207,-113.496319
53.60241,-113.444562,53.564808,-113.398966
53.516878,-113.526321,53.54555,-113.48157
53.540634,-113.509026,53.594766,-113.41514
53.540634,-113.509026,53.6016,-113.400776
53.6016,-113.400776,53.603353,-113.419294
53.470455,-113.509371,53.559537,-113.497126
53.559537,-113.497126,53.470455,-113.509371
53.532207,-113.496319,53.518398,-113.514455
53.624831,-113.452171,53.450062,-113.499258
53.450062,-113.499258,53.624831,-113.452171
53.559704,-113.548211,53.572397,-113.477679
53.521223,-113.466759,53.517989,-113.531256
53.458255,-113.368987,53.484937,-113.407898
53.45698,-113.454485,53.549993,-113.488467
53.612463,-113.51457,53.557049,-113.497518
53.494886,-113.434734,53.509001,-113.636439
53.494886,-113.434734,53.450728,-113.465054
53.521223,-113.466759,53.517989,-113.531256
53.517989,-113.531256,53.521223,-113.466759
53.542506,-113.493732,53.52417,-113.4853
53.576139,-113.463245,53.511931,-113.517364
53.511931,-113.517364,53.576139,-113.463245
53.516502,-113.565293,53.554254,-113.621927
53.551618,-113.509895,53.455314,-113.423935
53.587407,-113.444728,53.556687,-113.385318
53.525301,-113.487307,53.517195,-113.570949
53.517195,-113.570949,53.525301,-113.487307
53.557975,-113.499771,53.589759,-113.674936
53.444547,-113.564558,53.437781,-113.604108
53.558491,-113.476037,53.588904,-113.442557
53.588904,-113.442557,53.558491,-113.476037
53.539845,-113.417497,53.609752,-113.452558
53.517832,-113.607323,53.587309,-113.603569
53.516486,-113.491031,53.603882,-113.474375
53.516486,-113.491031,53.603882,-113.474375
53.516486,-113.491031,53.603882,-113.474375
53.600415,-113.425667,53.636376,-113.375209
53.531956,-113.582808,53.560759,-113.563958
53.560759,-113.563958,53.531956,-113.582808
53.531856,-113.583299,53.52321,-113.616518
53.455164,-113.495063,53.470092,-113.411211
53.470092,-113.411211,53.455164,-113.495063
53.585627,-113.413209,53.559537,-113.497126
53.559537,-113.497126,53.585627,-113.413209
53.587309,-113.603569,53.517832,-113.607323
53.47378,-113.527602,53.575461,-113.400363
53.575461,-113.400363,53.47378,-113.527602
53.52883,-113.635252,53.549243,-113.620039
53.488478,-113.673598,53.520365,-113.527807
53.534755,-113.62489,53.544796,-113.531957
53.530603,-113.617797,53.53958,-113.613548
53.53958,-113.613548,53.530603,-113.617797
53.462816,-113.537347,53.559385,-113.525839
53.559385,-113.525839,53.559537,-113.497126
53.520365,-113.527807,53.488478,-113.673598
53.549243,-113.620039,53.508468,-113.632494
53.451552,-113.412624,53.464794,-113.473203
53.464794,-113.473203,53.451552,-113.412624
53.451552,-113.412624,53.480067,-113.470936
53.606058,-113.415504,53.477475,-113.502629
53.542536,-113.591451,53.633744,-113.51487
53.533696,-113.636545,53.555237,-113.557358
53.555237,-113.557358,53.533696,-113.636545
53.508518,-113.632495,53.539011,-113.622655
53.424373,-113.525005,53.559743,-113.528154
53.559743,-113.528154,53.424373,-113.525005
53.605339,-113.484676,53.512999,-113.434865
53.512999,-113.434865,53.605339,-113.484676
53.496047,-113.649223,53.492565,-113.664712
53.492565,-113.664712,53.495325,-113.667481
53.495325,-113.667481,53.496299,-113.623331
53.51936,-113.490681,53.443712,-113.408352
53.443712,-113.408352,53.51936,-113.490681
53.536695,-113.446397,53.556687,-113.385318
53.46894,-113.493152,53.546256,-113.58617
53.479485,-113.502653,53.522057,-113.528225
53.522057,-113.528225,53.459956,-113.513014
53.542556,-113.511129,53.500986,-113.628818
53.500986,-113.628818,53.542556,-113.511129
53.546256,-113.58617,53.46894,-113.493152
53.477475,-113.502629,53.606058,-113.415504
53.535145,-113.477384,53.568006,-113.41151
53.595037,-113.567698,53.550723,-113.444931
53.636376,-113.375209,53.600415,-113.425667
53.587414,-113.444966,53.559743,-113.528154
53.559743,-113.528154,53.587414,-113.444966
53.605339,-113.484676,53.512999,-113.434865
53.573223,-113.535356,53.557049,-113.497518
53.557049,-113.497518,53.520052,-113.520843
53.520052,-113.520843,53.573223,-113.535356
53.560161,-113.455131,53.571343,-113.390616
53.571343,-113.390616,53.560161,-113.455131
53.605339,-113.484676,53.512999,-113.434865
53.512999,-113.434865,53.605339,-113.484676
53.512999,-113.434865,53.605339,-113.484676
53.612463,-113.51457,53.598611,-113.489758
53.598611,-113.489758,53.612463,-113.51457
53.604357,-113.466266,53.497236,-113.638485
53.497236,-113.638485,53.604357,-113.466266
53.459975,-113.424372,53.542479,-113.495572
53.521699,-113.459299,53.567972,-113.404688
53.573091,-113.496863,53.562042,-113.505353
53.498867,-113.57415,53.53847,-113.506999
53.567972,-113.404688,53.543357,-113.533631
53.543357,-113.533631,53.567972,-113.404688
53.567972,-113.404688,53.521699,-113.459299
53.511931,-113.517364,53.576139,-113.463245
53.440126,-113.455404,53.475072,-113.463151
53.439828,-113.533425,53.548719,-113.536409
53.548719,-113.536409,53.439828,-113.533425
53.531955,-113.582807,53.559154,-113.553835
53.559154,-113.553835,53.531955,-113.582807
53.567969,-113.41151,53.598488,-113.488254
53.598488,-113.488254,53.567969,-113.41151
53.567969,-113.41151,53.622837,-113.480771
53.556687,-113.385318,53.536695,-113.446397
53.601195,-113.456007,53.551618,-113.509895
53.551618,-113.509895,53.601195,-113.456007
53.502847,-113.623699,53.520264,-113.612353
53.520264,-113.612353,53.437781,-113.604108
53.437781,-113.604108,53.502847,-113.623699
53.564808,-113.398966,53.556687,-113.385318
53.556687,-113.385318,53.564808,-113.398966
53.486654,-113.404435,53.453123,-113.507852
53.531955,-113.582807,53.559154,-113.553835
53.549243,-113.620039,53.52883,-113.635252
53.453123,-113.507852,53.455729,-113.431191
53.612463,-113.51457,53.600111,-113.401985
53.559154,-113.553835,53.531955,-113.582807
53.531956,-113.582808,53.559154,-113.553835
53.559154,-113.553835,53.531956,-113.582808
53.49004,-113.514959,53.518556,-113.520274
53.518556,-113.520274,53.49004,-113.514959
53.544796,-113.531957,53.557049,-113.497518
53.541742,-113.511714,53.526249,-113.617542
53.509761,-113.68645,53.503685,-113.619176
53.586069,-113.447578,53.53725,-113.506583
53.53725,-113.506583,53.586069,-113.447578
53.498867,-113.57415,53.485223,-113.514759
53.494886,-113.434734,53.54894,-113.456718
53.485223,-113.514759,53.498867,-113.57415
53.542908,-113.489705,53.471141,-113.423451
53.539789,-113.524423,53.552828,-113.637738
53.552828,-113.637738,53.539789,-113.524423
53.617954,-113.470301,53.614971,-113.488564
53.519439,-113.518453,53.545353,-113.529249
53.559704,-113.548211,53.544684,-113.491328
53.544684,-113.491328,53.538012,-113.582655
53.471141,-113.423451,53.542908,-113.489705
53.54611,-113.596245,53.520591,-113.625025
53.520591,-113.625025,53.54611,-113.596245
53.546111,-113.59632,53.520591,-113.625025
53.591352,-113.544944,53.506421,-113.618343
53.526729,-113.610657,53.505047,-113.436105
53.505047,-113.436105,53.526729,-113.610657
53.44954,-113.414762,53.476954,-113.381966
53.506421,-113.618343,53.591352,-113.544944
53.564732,-113.554121,53.520591,-113.625025
53.520591,-113.625025,53.564732,-113.554121
53.535751,-113.591516,53.520591,-113.625025
53.520591,-113.625025,53.535751,-113.591516
53.548821,-113.479585,53.557503,-113.494283
53.476954,-113.381966,53.44954,-113.414762
53.516878,-113.526321,53.545353,-113.529249
53.607284,-113.41561,53.549818,-113.611149
53.549818,-113.611149,53.607284,-113.41561
53.545353,-113.529249,53.516878,-113.526321
53.59904,-113.391974,53.518431,-113.485449
53.59904,-113.391974,53.518371,-113.485598
53.493581,-113.519531,53.512607,-113.47736
53.512607,-113.47736,53.485223,-113.514759
53.485223,-113.514759,53.493581,-113.519531
53.421075,-113.537304,53.518478,-113.503257
53.518478,-113.503257,53.421075,-113.537304
53.542908,-113.489705,53.445346,-113.441398
53.539275,-113.499765,53.524443,-113.413833
53.489123,-113.514714,53.481102,-113.509036
53.414641,-113.540471,53.425881,-113.517466
53.425881,-113.517466,53.414641,-113.540471
53.481102,-113.509036,53.489123,-113.514714
53.548437,-113.480798,53.523257,-113.527172
53.531258,-113.616505,53.520591,-113.625025
53.556687,-113.385318,53.522603,-113.648084
53.512613,-113.511725,53.460158,-113.511942
53.455729,-113.431191,53.52417,-113.4853
53.52417,-113.4853,53.472353,-113.450156
53.458772,-113.377966,53.523758,-113.456894
53.523758,-113.456894,53.458772,-113.377966
53.571284,-113.533626,53.581286,-113.372564
53.581286,-113.372564,53.571284,-113.533626
53.605339,-113.484676,53.445692,-113.482486
53.445692,-113.482486,53.605339,-113.484676
53.503026,-113.454749,53.559236,-113.494216
53.559537,-113.497126,53.544796,-113.531957
53.62972,-113.547974,53.600393,-113.484561
53.600393,-113.484561,53.62972,-113.547974
53.513909,-113.439578,53.54342,-113.435673
53.512613,-113.511725,53.550105,-113.504482
53.522603,-113.648084,53.561433,-113.383906
53.460106,-113.45265,53.461271,-113.428406
53.515792,-113.47625,53.519417,-113.519932
53.519417,-113.519932,53.515792,-113.47625
53.54342,-113.435673,53.513909,-113.439578
53.546095,-113.532862,53.53725,-113.506583
53.53725,-113.506583,53.546095,-113.532862
53.554254,-113.621927,53.516502,-113.565293
53.598554,-113.525803,53.540067,-113.513031
53.540126,-113.527859,53.560296,-113.605856
53.603387,-113.536959,53.446363,-113.413902
53.503986,-113.571414,53.449549,-113.414864
53.571284,-113.533626,53.586069,-113.447578
53.544557,-113.476288,53.626824,-113.490884
53.626824,-113.490884,53.521699,-113.459299
53.521699,-113.459299,53.544557,-113.476288
53.542849,-113.493069,53.616634,-113.503732
53.446363,-113.413902,53.603387,-113.536959
53.605339,-113.484676,53.606306,-113.451652
53.465417,-113.403625,53.467901,-113.449461
53.467901,-113.449461,53.465417,-113.403625
53.556687,-113.385318,53.440715,-113.460393
53.440715,-113.460393,53.556687,-113.385318
53.440715,-113.460393,53.556687,-113.385318
53.556687,-113.385318,53.440715,-113.460393
53.455729,-113.431191,53.449549,-113.414864
53.52883,-113.635252,53.540067,-113.513031
53.449549,-113.414864,53.455729,-113.431191
53.538012,-113.582655,53.567187,-113.543969
53.586069,-113.447578,53.571284,-113.533626
53.556687,-113.385318,53.440715,-113.460393
53.501528,-113.500572,53.552351,-113.497705
53.552351,-113.497705,53.501528,-113.500572
53.440715,-113.460393,53.556687,-113.385318
53.476312,-113.433822,53.517895,-113.518279
53.558491,-113.476037,53.571284,-113.533626
53.540719,-113.456761,53.544429,-113.509028
53.620496,-113.489071,53.600455,-113.487357
53.600455,-113.487357,53.620496,-113.489071
53.559537,-113.497126,53.462816,-113.537347
53.598701,-113.411386,53.617954,-113.470301
53.559704,-113.548211,53.513069,-113.473999
53.586788,-113.443945,53.60241,-113.444562
53.521699,-113.459299,53.459975,-113.424372
53.476312,-113.433822,53.45493,-113.512408
53.586663,-113.526549,53.566562,-113.530101
53.409691,-113.532065,53.45097,-113.515255
53.45097,-113.515255,53.409691,-113.532065
53.51936,-113.490681,53.473669,-113.476813
53.453374,-113.560887,53.474663,-113.480235
53.565365,-113.411606,53.600111,-113.401985
53.545353,-113.529249,53.5219,-113.591151
53.533971,-113.629966,53.537105,-113.44141
53.537105,-113.44141,53.533971,-113.629966
53.459975,-113.424372,53.521699,-113.459299
53.568006,-113.41151,53.556687,-113.385318
53.568006,-113.41151,53.502751,-113.572646
53.568006,-113.41151,53.6016,-113.400776
53.568006,-113.41151,53.526948,-113.545273
53.568006,-113.41151,53.511882,-113.555776
53.6016,-113.400776,53.618785,-113.435424
53.618829,-113.435454,53.6016,-113.400776
53.6016,-113.400776,53.618829,-113.435454
53.618785,-113.435424,53.6016,-113.400776
53.539049,-113.442459,53.513069,-113.473999
53.462285,-113.485524,53.537939,-113.509967
53.559236,-113.494216,53.548437,-113.480798
53.628294,-113.441691,53.614971,-113.488564
53.614971,-113.488564,53.628294,-113.441691
53.518906,-113.696195,53.584746,-113.447083
53.533696,-113.636545,53.555237,-113.557358
53.555237,-113.557358,53.533696,-113.636545
53.481331,-113.456142,53.520365,-113.527807
53.477475,-113.502629,53.53127,-113.584637
53.531956,-113.582808,53.521398,-113.612493
53.521398,-113.612493,53.595037,-113.567698
53.571284,-113.533626,53.561433,-113.383906
53.541841,-113.430489,53.545384,-113.425388
53.607084,-113.485123,53.568355,-113.504418
53.545384,-113.425388,53.541841,-113.430489
53.586788,-113.443945,53.519358,-113.49442
53.519358,-113.49442,53.586788,-113.443945
53.559743,-113.528154,53.580979,-113.475051
53.540018,-113.496783,53.559743,-113.528154
53.526388,-113.427651,53.540625,-113.500171
53.540625,-113.500171,53.526388,-113.427651
53.550205,-113.69792,53.52321,-113.616518
53.52321,-113.616518,53.550205,-113.69792
53.52321,-113.616518,53.531856,-113.583299
53.552783,-113.603153,53.587027,-113.403875
53.455124,-113.513717,53.54268,-113.529083
53.612463,-113.51457,53.557049,-113.497518
53.5003,-113.663056,53.52321,-113.616518
53.468025,-113.5855,53.543856,-113.566289
53.543856,-113.566289,53.468025,-113.5855
53.468025,-113.5855,53.543856,-113.566289
53.558491,-113.476037,53.515494,-113.438366
53.546844,-113.595378,53.461554,-113.433146
53.461554,-113.433146,53.478229,-113.384482
53.478248,-113.384556,53.455729,-113.431191
53.568006,-113.41151,53.535145,-113.477384
53.51837,-113.588216,53.526948,-113.545273
53.446363,-113.4139,53.459487,-113.58224
53.521699,-113.459299,53.526965,-113.642394
53.508468,-113.632494,53.549243,-113.620039
53.549243,-113.620039,53.508468,-113.632494
53.617954,-113.470301,53.614971,-113.488564
53.480428,-113.506739,53.541175,-113.515237
53.541175,-113.515237,53.480428,-113.506739
53.605339,-113.484676,53.556687,-113.385318
53.556687,-113.385318,53.605339,-113.484676
53.605339,-113.484676,53.556687,-113.385318
53.556687,-113.385318,53.605339,-113.484676
53.537007,-113.504224,53.473669,-113.476813
53.473669,-113.476813,53.537007,-113.504224
53.537007,-113.504224,53.554142,-113.553094
53.529313,-113.463264,53.494886,-113.434734
53.529313,-113.463264,53.494886,-113.434734
53.529313,-113.463264,53.494886,-113.434734
53.515346,-113.681011,53.546132,-113.616507
53.605339,-113.484676,53.532207,-113.419398
53.603829,-113.375235,53.558536,-113.498072
53.558536,-113.498072,53.603829,-113.375235
53.519408,-113.464642,53.458255,-113.368987
53.559743,-113.528154,53.540018,-113.496783
53.543055,-113.610492,53.545353,-113.529249
53.61216,-113.550485,53.632973,-113.541198
53.475373,-113.449517,53.460634,-113.445911
53.460634,-113.445911,53.475373,-113.449517
53.636376,-113.375209,53.629863,-113.489245
53.531243,-113.468804,53.518662,-113.457342
53.531243,-113.468804,53.468399,-113.544017
53.605339,-113.484676,53.562042,-113.505353
53.445677,-113.452761,53.466438,-113.428636
53.455729,-113.431191,53.455303,-113.469256
53.559587,-113.560166,53.571284,-113.533626
53.571284,-113.533626,53.559587,-113.560166
53.571284,-113.533626,53.559587,-113.560166
53.559587,-113.560166,53.571284,-113.533626
53.459487,-113.58224,53.542908,-113.489705
53.542908,-113.489705,53.477276,-113.369259
53.516486,-113.491031,53.603882,-113.474375
53.518356,-113.510928,53.603882,-113.474375
53.540067,-113.513031,53.52321,-113.616518
53.53847,-113.506999,53.508197,-113.637684
53.545353,-113.529249,53.555237,-113.557358
53.555237,-113.557358,53.545353,-113.529249
53.462379,-113.503785,53.540176,-113.514324
53.486264,-113.410637,53.52456,-113.527233
53.52456,-113.527233,53.486264,-113.410637
53.598611,-113.489758,53.518397,-113.447887
53.520488,-113.467085,53.518662,-113.457342
53.536497,-113.607664,53.560161,-113.455131
53.560161,-113.455131,53.536497,-113.607664
53.605339,-113.484676,53.532207,-113.419398
53.532207,-113.419398,53.605339,-113.484676
53.532207,-113.419398,53.605339,-113.484676
53.546095,-113.532862,53.549622,-113.453516
53.571284,-113.533626,53.528847,-113.603563
53.549622,-113.453516,53.546095,-113.532862
53.528847,-113.603563,53.571284,-113.533626
53.513069,-113.473999,53.556687,-113.385318
53.556687,-113.385318,53.513069,-113.473999
53.492853,-113.579045,53.521699,-113.459299
53.521699,-113.459299,53.492853,-113.579045
53.552544,-113.473956,53.542506,-113.493732
53.542908,-113.489705,53.630536,-113.548784
53.598611,-113.489758,53.513874,-113.439579
53.560759,-113.563958,53.518722,-113.468148
53.513376,-113.510171,53.509469,-113.504154
53.509469,-113.504154,53.513376,-113.510171
53.452535,-113.418966,53.512999,-113.434865
53.512999,-113.434865,53.54026,-113.516257
53.575461,-113.400363,53.47378,-113.527602
53.440126,-113.455404,53.459802,-113.430587
53.459802,-113.430587,53.440126,-113.455404
53.484261,-113.497292,53.53847,-113.506999
53.461271,-113.428406,53.465148,-113.410856
53.53847,-113.506999,53.484261,-113.497292
53.471109,-113.437643,53.595037,-113.567698
53.456402,-113.423111,53.445692,-113.482486
53.445692,-113.482486,53.456402,-113.423111
53.555592,-113.566409,53.539939,-113.490917
53.539939,-113.490917,53.555592,-113.566409
53.47378,-113.527602,53.575461,-113.400363
53.552396,-113.569533,53.517713,-113.638112
53.517713,-113.638112,53.552396,-113.569533
53.540176,-113.514324,53.524729,-113.459025
53.494886,-113.434734,53.529313,-113.463264
53.494886,-113.434734,53.529313,-113.463264
53.462174,-113.429644,53.487947,-113.521944
53.559675,-113.542794,53.535528,-113.503395
53.559675,-113.542794,53.535528,-113.503395
53.569705,-113.411638,53.562042,-113.505353
53.562042,-113.505353,53.569705,-113.411638
53.440715,-113.460393,53.520591,-113.625025
53.520591,-113.625025,53.440715,-113.460393
53.440715,-113.460393,53.520591,-113.625025
53.520334,-113.450953,53.553163,-113.490456
53.518722,-113.468148,53.560759,-113.563958
53.630536,-113.548784,53.542908,-113.489705
53.515792,-113.47625,53.538483,-113.503226
53.613787,-113.373848,53.598611,-113.489758
53.543831,-113.506122,53.44298,-113.422969
53.613631,-113.423237,53.549002,-113.487971
53.61295,-113.376082,53.520365,-113.527807
53.5003,-113.663056,53.52321,-113.616518
53.545353,-113.529249,53.546675,-113.590702
53.546675,-113.590702,53.545353,-113.529249
53.52334,-113.612853,53.546675,-113.590702
53.443217,-113.555241,53.469099,-113.585791
53.469099,-113.585791,53.475308,-113.494431
53.52321,-113.616518,53.5003,-113.663056
53.625891,-113.52861,53.540067,-113.513031
53.526249,-113.617542,53.513026,-113.482616
53.605339,-113.484676,53.590024,-113.43244
53.513026,-113.482616,53.526249,-113.617542
53.590024,-113.43244,53.605339,-113.484676
53.537527,-113.605919,53.483974,-113.642287
53.483974,-113.642287,53.537527,-113.605919
53.45876,-113.422176,53.485119,-113.406286
53.485119,-113.406286,53.45876,-113.422176
53.475393,-113.44465,53.478669,-113.374801
53.459643,-113.569542,53.501719,-113.532182
53.524443,-113.413833,53.553163,-113.490456
53.453408,-113.569194,53.451681,-113.592356
53.541928,-113.529152,53.504991,-113.618898
53.504991,-113.618898,53.541928,-113.529152
53.475348,-113.444682,53.477407,-113.49343
53.477407,-113.49343,53.475348,-113.444682
53.45876,-113.422176,53.485223,-113.514759
53.485223,-113.514759,53.45876,-113.422176
53.628246,-113.452091,53.589829,-113.387448
53.519928,-113.589226,53.542498,-113.525479
53.542498,-113.525479,53.519928,-113.589226
53.564808,-113.398966,53.56777,-113.453216
53.589829,-113.387448,53.628246,-113.452091
53.53127,-113.584637,53.477475,-113.502629
53.502545,-113.360464,53.547498,-113.51111
53.440689,-113.53319,53.518454,-113.517198
53.545353,-113.529249,53.449504,-113.566513
53.454712,-113.537154,53.462174,-113.429644
53.494886,-113.434734,53.472751,-113.386111
53.494886,-113.434734,53.558491,-113.476037
53.475815,-113.392487,53.429267,-113.418867
53.639754,-113.507846,53.60734,-113.444008
53.531955,-113.582807,53.485223,-113.514759
53.542556,-113.511129,53.541311,-113.640019
53.531955,-113.582807,53.485223,-113.514759
53.485223,-113.514759,53.531955,-113.582807
53.485223,-113.514759,53.531955,-113.582807
53.541228,-113.527079,53.559537,-113.497126
53.559743,-113.528154,53.58322,-113.393022
53.640803,-113.496715,53.598068,-113.568739
53.598068,-113.568739,53.640803,-113.496715
53.640803,-113.496715,53.598068,-113.568739
53.598068,-113.568739,53.640803,-113.496715
53.532883,-113.469735,53.525351,-113.426997
53.516502,-113.565293,53.554254,-113.621927
